	업종명	업소명	소재지지번	법인명	longitude	latitude	업태명
0	휴게음식점	대하	서울특별시 마포구 서교동  449번지 35호  지하1층		126.9180867	37.5579237	다방
1	휴게음식점	에스파냐	서울특별시 마포구 서교동  344번지 13호		126.9241424	37.5531666	다방
2	휴게음식점	커피빈코리아 홍대역점	서울특별시 마포구 동교동  163번지 12호	(주)커피빈코리아	126.9232406	37.5554353	커피숍
3	휴게음식점	커피빈코리아 홍대역점	서울특별시 마포구 동교동  163번지 12호  2층 3층	(주)커피빈코리아	126.9224746	37.5548733	커피숍
4	휴게음식점	엘라와루이	서울특별시 마포구 서교동  347번지 14호  1층		126.9159346	37.5582725	커피숍
5	휴게음식점	청안사주와 문경타로점 사주카페	서울특별시 마포구 서교동  346번지 42호  3층		126.9239055	37.5553972	커피숍
6	휴게음식점	피피커피두번째이야기	서울특별시 마포구 서교동  444번지 9호  1층 104호		126.9124739	37.5528696	커피숍
7	휴게음식점	커피와사람들	서울특별시 마포구 동교동  168번지 3호  1 2층		126.9264168	37.5572969	커피숍
8	휴게음식점	위드커피	서울특별시 마포구 동교동  169번지 17호  12층		126.9253059	37.5566309	커피숍
9	휴게음식점	스타벅스홍대갤러리점	서울특별시 마포구 서교동  343번지 10호  1층 2층	(주) 스타벅스커피코리아	126.925688	37.553433	커피숍
10	휴게음식점	스타벅스홍대갤러리점	서울특별시 마포구 서교동  343번지 10호  1층 2층	(주) 스타벅스커피코리아	126.925688	37.553433	커피숍
11	휴게음식점	탐앤탐스홍대파크점	서울특별시 마포구 서교동  363번지 16호  태성빌딩	(주)탐앤탐스	126.9214755	37.550869	커피숍
12	휴게음식점	탐앤탐스홍대파크점	서울특별시 마포구 서교동  363번지 16호  234층	(주)탐앤탐스	126.9216226	37.5509298	커피숍
13	휴게음식점	카페미아미고(CAFE MIAMIGO)	서울특별시 마포구 서교동  465번지 6호  자운빌딩 1층일부	(주)민트렌드	126.9211422	37.549647	커피숍
14	휴게음식점	카페미아미고(CAFE MIAMIGO)	서울특별시 마포구 서교동  465번지 6호  자운빌딩 1층일부	(주)민트렌드	126.9211422	37.549647	커피숍
15	휴게음식점	베이글카페(마포서교점)	서울특별시 마포구 서교동  449번지 21호		126.9171923	37.5576272	커피숍
16	휴게음식점	카페자스	서울특별시 마포구 동교동  198번지 8호  1층좌측		126.9232677	37.5589775	커피숍
17	휴게음식점	카페자스	서울특별시 마포구 동교동  198번지 8호  1층좌측		126.9232677	37.5589775	커피숍
18	휴게음식점	수다	서울특별시 마포구 서교동  342번지 1호  1층우측		126.9262405	37.5538903	커피숍
19	휴게음식점	수다	서울특별시 마포구 서교동  342번지 1호  1층우측		126.9262405	37.5538903	커피숍
20	휴게음식점	수다	서울특별시 마포구 서교동  342번지 1호  1층우측		126.9262405	37.5538903	커피숍
21	휴게음식점	까페 노아	서울특별시 마포구 서교동  364번지 26호  1층		126.9221149	37.5521822	커피숍
22	휴게음식점	커피랩	서울특별시 마포구 서교동  358번지 104호  1층-5		126.9231056	37.5524679	커피숍
23	휴게음식점	테크아웃	서울특별시 마포구 동교동  161번지 10호  1층		126.921904	37.5562998	커피숍
24	휴게음식점	빈스커피	서울특별시 마포구 서교동  247번지 20호  1층		126.9172759	37.558347	커피숍
25	휴게음식점	노리터	서울특별시 마포구 서교동  345번지 19호		126.9231548	37.5545578	커피숍
26	휴게음식점	이디야(홍대청기와점)	서울특별시 마포구 서교동  351번지 5호  1층		126.9205503	37.5552837	커피숍
27	휴게음식점	이디야(홍대청기와점)	서울특별시 마포구 서교동  351번지 5호  1층		126.9205503	37.5552837	커피숍
28	휴게음식점	와우 디비디	서울특별시 마포구 서교동  369번지 4호  6층		126.9213963	37.5525739	커피숍
29	휴게음식점	카페모인	서울특별시 마포구 동교동  200번지 28호		126.9225811	37.5577738	커피숍
30	휴게음식점	텀브커피	서울특별시 마포구 동교동  200번지 28호		126.9225811	37.5577738	커피숍
31	휴게음식점	할리스	서울특별시 마포구 동교동  183번지 1호  지하1층		126.9310304	37.5566423	커피숍
32	휴게음식점	이디야 홍대점	서울특별시 마포구 서교동  486번지  서교푸르지오 상가 지하138호		126.9235585	37.5537021	커피숍
33	휴게음식점	이디야 홍대점	서울특별시 마포구 서교동  486번지  서교푸르지오 상가 지하138호		126.9235585	37.5537021	커피숍
34	휴게음식점	할리스 동교점II	서울특별시 마포구 동교동  183번지 1호  2층		126.9310304	37.5566423	커피숍
35	휴게음식점	할리스 동교점	서울특별시 마포구 동교동  183번지 1호  1층		126.9312862	37.5567987	커피숍
36	휴게음식점	카페 세리오	서울특별시 마포구 서교동  392번지 4호		126.9155237	37.5510911	커피숍
37	휴게음식점	카페 세리오	서울특별시 마포구 서교동  392번지 4호		126.9155237	37.5510911	커피숍
38	휴게음식점	커피온리 합정역점	서울특별시 마포구 서교동  392번지 4호		126.9155237	37.5510911	커피숍
39	휴게음식점	커피온리 합정역점	서울특별시 마포구 서교동  392번지 4호		126.9155237	37.5510911	커피숍
40	휴게음식점	(주)스타벅스커피코리아 망원역점	서울특별시 마포구 서교동  475번지 13호  원천빌딩 12층	(주)스타벅스코피코리아	126.9106996	37.5557302	커피숍
41	휴게음식점	(주)스타벅스커피코리아 망원역점	서울특별시 마포구 서교동  475번지 13호  원천빌딩 12층	(주)스타벅스코피코리아	126.9106996	37.5557302	커피숍
42	휴게음식점	톰스캣	서울특별시 마포구 서교동  358번지 125호  3층		126.9231056	37.5524679	커피숍
43	휴게음식점	카페어니스티(cafe honesty)	서울특별시 마포구 서교동  395번지 48호  1층		126.9162027	37.5503143	커피숍
44	휴게음식점	뷰	서울특별시 마포구 서교동  366번지 8호		126.9208303	37.5521092	커피숍
45	휴게음식점	이디아망원역점	서울특별시 마포구 서교동  441번지 11호  1층		126.9101884	37.5563256	커피숍
46	휴게음식점	카페트렌홍대점	서울특별시 마포구 동교동  190번지 1호		126.926422	37.557643	커피숍
47	휴게음식점	델트렌2	서울특별시 마포구 동교동  172번지 10호  공항철도 홍대입구역 지하2층 하행		126.925262	37.557722	커피숍
48	휴게음식점	와플반트홍대와이즈파크점	서울특별시 마포구 동교동  166번지 15호  7층 일부		126.9255433	37.5554671	커피숍
49	휴게음식점	야오야오홍대점	서울특별시 마포구 서교동  486번지 101 서교푸르지오 1층-119	(주)조이프랜즈	126.9236241	37.553716	커피숍
50	휴게음식점	야오야오홍대점	서울특별시 마포구 서교동  486번지 101 서교푸르지오 1층-119		126.9236241	37.553716	커피숍
51	휴게음식점	그릭데이 홍대점	서울특별시 마포구 서교동  486번지 101 서교푸르지오 1층-119	(주)조이프랜즈	126.9236241	37.553716	커피숍
52	휴게음식점	그릭데이 홍대점	서울특별시 마포구 서교동  486번지 101 서교푸르지오 1층-119		126.9236241	37.553716	커피숍
53	휴게음식점	커피니신촌로터리점	서울특별시 마포구 노고산동  57번지 26호		126.9355782	37.5546344	커피숍
54	휴게음식점	두레차	서울특별시 마포구 서교동  346번지 29호  1층		126.9239685	37.5547941	전통찻집
55	휴게음식점	캣츠리빙	서울특별시 마포구 서교동  358번지 111호  2층 일부		126.9530003	37.5473145	커피숍
56	휴게음식점	네스카페	서울특별시 마포구 동교동  166번지 15호  와이즈파크 B2 일부		126.9248916	37.5572572	커피숍
57	휴게음식점	델트렌 홍대입구역2점	서울특별시 마포구 동교동  165번지		126.9236419	37.5567292	커피숍
58	휴게음식점	간지김밥&떡볶이	서울특별시 마포구 동교동  148번지 2호		126.9252365	37.5600452	기타 휴게음식점
59	휴게음식점	엔제리너스커피홍대역점	서울특별시 마포구 동교동  162번지 4호	롯데지알에스(주)	126.922095	37.5549797	커피숍
60	휴게음식점	엔제리너스커피홍대역점	서울특별시 마포구 동교동  162번지 4호	롯데지알에스(주)	126.922095	37.5549797	커피숍
61	휴게음식점	박은민갤러리	서울특별시 마포구 서교동  360번지 21호		126.923742	37.5506329	커피숍
62	휴게음식점	카페리노고산점	서울특별시 마포구 노고산동  1번지 50호		126.9421554	37.5558027	커피숍
63	휴게음식점	드롭탑홍대점	서울특별시 마포구 서교동  403번지 17호		126.9207593	37.5498154	커피숍
64	휴게음식점	파스쿠찌 메세나폴리스점	서울특별시 마포구 서교동  490번지		126.9177304	37.5534897	커피숍
65	휴게음식점	스타벅스합정메세나몰	서울특별시 마포구 서교동  490번지	(주)스타벅스커피코리아	126.9177304	37.5534897	커피숍
66	휴게음식점	스타벅스합정메세나몰	서울특별시 마포구 서교동  490번지	(주)스타벅스커피코리아	126.9177304	37.5534897	커피숍
67	휴게음식점	Jazzda카페	서울특별시 마포구 서교동  394번지 93호		126.9152636	37.5492064	커피숍
68	휴게음식점	카페네스카페홍대입구점	서울특별시 마포구 서교동  344번지 11호	씨앤에이치프리미어렌탈(주)	126.9245446	37.5531414	커피숍
69	휴게음식점	테일러커피	서울특별시 마포구 서교동  329번지 15호		126.9282378	37.5562007	커피숍
70	휴게음식점	이디야	서울특별시 마포구 서교동  369번지 44호		126.9215039	37.552802	커피숍
71	휴게음식점	워너커피	서울특별시 마포구 서교동  369번지 24호		126.9205883	37.5528044	커피숍
72	휴게음식점	워너커피	서울특별시 마포구 서교동  369번지 24호		126.9205883	37.5528044	커피숍
73	휴게음식점	카페 포르스 cafe Fors	서울특별시 마포구 서교동  369번지 24호		126.9205883	37.5528044	커피숍
74	휴게음식점	카페 포르스 cafe Fors	서울특별시 마포구 서교동  369번지 24호		126.9205883	37.5528044	커피숍
75	휴게음식점	더블하모니	서울특별시 마포구 서교동  479번지 4호  C&L빌딩		126.9127252	37.5545812	커피숍
76	휴게음식점	더블하모니	서울특별시 마포구 서교동  481번지 6호		126.9139057	37.5541875	커피숍
77	휴게음식점	공작	서울특별시 마포구 서교동  449번지 7호		126.9171087	37.5577742	커피숍
78	휴게음식점	허밍	서울특별시 마포구 서교동  332번지 14호		126.9265367	37.5560429	커피숍
79	휴게음식점	에스닉바바	서울특별시 마포구 서교동  397번지 2호		126.918232	37.5499887	커피숍
80	휴게음식점	반지대학 홍대캠퍼스	서울특별시 마포구 서교동  364번지 26호		126.9221149	37.5521822	커피숍
81	휴게음식점	유니드마이요거트	서울특별시 마포구 서교동  490번지		126.9177304	37.5534897	기타 휴게음식점
82	휴게음식점	곰미커피	서울특별시 마포구 동교동  190번지 56호  1층		126.931805	37.5561312	커피숍
83	휴게음식점	젤라킹	서울특별시 마포구 서교동  490번지		126.9177304	37.5534897	커피숍
84	휴게음식점	젤라킹	서울특별시 마포구 서교동  490번지	(주)플라잉스팍스	126.9177304	37.5534897	커피숍
85	휴게음식점	스타벅스커피동교점	서울특별시 마포구 동교동  205번지 6호	(주)스타벅스커피코리아	126.9199839	37.5568085	커피숍
86	휴게음식점	스타벅스커피동교점	서울특별시 마포구 동교동  205번지 6호	(주)스타벅스커피코리아	126.9199839	37.5568085	커피숍
87	휴게음식점	오설록	서울특별시 마포구 서교동  358번지 53호	(주)아모레퍼시픽	126.9218713	37.5528305	기타 휴게음식점
88	휴게음식점	오설록	서울특별시 마포구 서교동  358번지 53호	(주)아모레퍼시픽	126.9218713	37.5528305	기타 휴게음식점
89	휴게음식점	오설록	서울특별시 마포구 서교동  358번지 53호	주식회사 앤그로운	126.9218713	37.5528305	기타 휴게음식점
90	휴게음식점	오설록	서울특별시 마포구 서교동  358번지 53호	주식회사 더앨리홍대점	126.9218713	37.5528305	기타 휴게음식점
91	휴게음식점	오설록	서울특별시 마포구 서교동  358번지 53호	주식회사 앤그로운	126.9218713	37.5528305	기타 휴게음식점
92	휴게음식점	더앨리홍대점	서울특별시 마포구 서교동  358번지 53호	(주)아모레퍼시픽	126.9218713	37.5528305	기타 휴게음식점
93	휴게음식점	더앨리홍대점	서울특별시 마포구 서교동  358번지 53호	(주)아모레퍼시픽	126.9218713	37.5528305	기타 휴게음식점
94	휴게음식점	더앨리홍대점	서울특별시 마포구 서교동  358번지 53호	주식회사 앤그로운	126.9218713	37.5528305	기타 휴게음식점
95	휴게음식점	더앨리홍대점	서울특별시 마포구 서교동  358번지 53호	주식회사 더앨리홍대점	126.9218713	37.5528305	기타 휴게음식점
96	휴게음식점	더앨리홍대점	서울특별시 마포구 서교동  358번지 53호	주식회사 앤그로운	126.9218713	37.5528305	기타 휴게음식점
97	휴게음식점	더앨리홍대점	서울특별시 마포구 서교동  358번지 53호	(주)아모레퍼시픽	126.9218713	37.5528305	기타 휴게음식점
98	휴게음식점	더앨리홍대점	서울특별시 마포구 서교동  358번지 53호	(주)아모레퍼시픽	126.9218713	37.5528305	기타 휴게음식점
99	휴게음식점	더앨리홍대점	서울특별시 마포구 서교동  358번지 53호	주식회사 앤그로운	126.9218713	37.5528305	기타 휴게음식점
100	휴게음식점	더앨리홍대점	서울특별시 마포구 서교동  358번지 53호	주식회사 더앨리홍대점	126.9218713	37.5528305	기타 휴게음식점
101	휴게음식점	더앨리홍대점	서울특별시 마포구 서교동  358번지 53호	주식회사 앤그로운	126.9218713	37.5528305	기타 휴게음식점
102	휴게음식점	커피101	서울특별시 마포구 서교동  332번지 5호		126.926695	37.5558155	커피숍
103	휴게음식점	착한커피	서울특별시 마포구 노고산동  56번지 6호		126.9342679	37.5543757	커피숍
104	휴게음식점	카페다카포	서울특별시 마포구 서교동  451번지 41호		126.9154789	37.5564446	커피숍
105	휴게음식점	레시피	서울특별시 마포구 서교동  411번지 2호		126.9228057	37.5499513	커피숍
106	휴게음식점	레시피	서울특별시 마포구 서교동  411번지 2호		126.9228057	37.5499513	커피숍
107	휴게음식점	자미당 홍대점	서울특별시 마포구 서교동  411번지 2호		126.9228057	37.5499513	커피숍
108	휴게음식점	자미당 홍대점	서울특별시 마포구 서교동  411번지 2호		126.9228057	37.5499513	커피숍
109	휴게음식점	상덕이커피	서울특별시 마포구 동교동  157번지 1호		126.9237952	37.5579542	커피숍
110	휴게음식점	스타벅스커피홍대역	서울특별시 마포구 동교동  159번지 1호	(주)스타벅스커피코리아	126.923603	37.5571506	커피숍
111	휴게음식점	스타벅스커피홍대역	서울특별시 마포구 동교동  159번지 1호	(주)스타벅스커피코리아	126.923603	37.5571506	커피숍
112	휴게음식점	에프터눈커피	서울특별시 마포구 동교동  176번지 9호		126.9275693	37.5572777	커피숍
113	휴게음식점	에프터눈커피	서울특별시 마포구 동교동  176번지 9호		126.9275693	37.5572777	커피숍
114	휴게음식점	레인비	서울특별시 마포구 서교동  347번지 18호		126.9249735	37.5555034	커피숍
115	휴게음식점	커피랩세아점	서울특별시 마포구 서교동  490번지		126.9177304	37.5534897	커피숍
116	휴게음식점	아스트로노머스커피	서울특별시 마포구 동교동  154번지 29호		126.9246996	37.5589662	커피숍
117	휴게음식점	오사카마마치즈케이크	서울특별시 마포구 서교동  345번지 13호		126.9231548	37.5545578	기타 휴게음식점
118	휴게음식점	바빈스커피홍대역점	서울특별시 마포구 동교동  201번지 53호		126.9218049	37.5570504	커피숍
119	휴게음식점	티라레미수홍대본점(TIRAREMISU)	서울특별시 마포구 서교동  345번지 19호		126.9231548	37.5545578	커피숍
120	휴게음식점	샤라샤라 홍대점	서울특별시 마포구 서교동  358번지 46호	(주)카버코리아	126.9231056	37.5524679	커피숍
121	휴게음식점	폴인	서울특별시 마포구 서교동  342번지 11호  파티오 2층		126.9247455	37.5537262	커피숍
122	휴게음식점	폴인	서울특별시 마포구 서교동  342번지 11호  파티오 2층	유한회사 라인홀드	126.9247455	37.5537262	커피숍
123	휴게음식점	폴인	서울특별시 마포구 서교동  342번지 11호  파티오 2층	유한회사 라인홀드	126.9247455	37.5537262	커피숍
124	휴게음식점	폴인팬케이크 홍대점	서울특별시 마포구 서교동  342번지 11호  파티오 2층		126.9247455	37.5537262	커피숍
125	휴게음식점	폴인팬케이크 홍대점	서울특별시 마포구 서교동  342번지 11호  파티오 2층	유한회사 라인홀드	126.9247455	37.5537262	커피숍
126	휴게음식점	폴인팬케이크 홍대점	서울특별시 마포구 서교동  342번지 11호  파티오 2층	유한회사 라인홀드	126.9247455	37.5537262	커피숍
127	휴게음식점	좋은자리 갤러리 cafe	서울특별시 마포구 서교동  448번지 25호		126.9187262	37.5565158	커피숍
128	휴게음식점	오지모리	서울특별시 마포구 서교동  342번지 12호		126.924485	37.5536626	커피숍
129	휴게음식점	어반인	서울특별시 마포구 서교동  445번지 3호		126.9199241	37.55617	커피숍
130	휴게음식점	투썸플레이스	서울특별시 마포구 서교동  476번지 21호  1층		126.911507	37.554843	커피숍
131	휴게음식점	투썸플레이스	서울특별시 마포구 서교동  476번지 21호  1층		126.911507	37.554843	커피숍
132	휴게음식점	미쇼콜라	서울특별시 마포구 서교동  459번지 2호  1층		126.9155449	37.5558794	커피숍
133	휴게음식점	브레댄코카페	서울특별시 마포구 서교동  346번지 34호  23층		126.9238379	37.5549812	커피숍
134	휴게음식점	빙빙빙차웅가	서울특별시 마포구 서교동  367번지 31호  가동 1층일부		126.9207028	37.55138	커피숍
135	휴게음식점	하우스가든카페제인(House garden cafe Jane)	서울특별시 마포구 서교동  364번지 29호		126.922274	37.5519061	커피숍
136	휴게음식점	하우스가든카페제인(House garden cafe Jane)	서울특별시 마포구 서교동  364번지 29호		126.922274	37.5519061	커피숍
137	휴게음식점	슬릿(SLIT)	서울특별시 마포구 서교동  364번지 29호		126.922274	37.5519061	커피숍
138	휴게음식점	슬릿(SLIT)	서울특별시 마포구 서교동  364번지 29호		126.922274	37.5519061	커피숍
139	휴게음식점	블랙바리스타	서울특별시 마포구 동교동  170번지 29호  1층		126.92632	37.5569456	커피숍
140	휴게음식점	컴바이코리아	서울특별시 마포구 동교동  165번지 8호  LG팰리스빌딩-106	(주)컴바이코리아	126.9234453	37.5560805	커피숍
141	휴게음식점	스퀴즈빌리지	서울특별시 마포구 서교동  486번지 101 서교푸르지오  1층-137		126.9236241	37.553716	커피숍
142	휴게음식점	반지더하기홍대점	서울특별시 마포구 서교동  333번지 7호  2층일부		126.9261585	37.5547933	커피숍
143	휴게음식점	나른한순간 Idle moments	서울특별시 마포구 서교동  467번지 2호  2층일부(1호)		126.9153209	37.5550889	커피숍
144	휴게음식점	씨제이씨지브이(주)홍대투썸	서울특별시 마포구 동교동  159번지 8호	씨제이씨지브이 주식회사	126.9228611	37.5567933	커피숍
145	휴게음식점	씨제이씨지브이(주)홍대투썸	서울특별시 마포구 동교동  159번지 8호	씨제이씨지브이 주식회사	126.9228611	37.5567933	커피숍
146	휴게음식점	낙랑파라	서울특별시 마포구 동교동  148번지 3호  1층		126.9253274	37.5599406	커피숍
147	휴게음식점	쓰리팝	서울특별시 마포구 동교동  162번지 4호  지하1층		126.922095	37.5549797	커피숍
148	휴게음식점	쓰리팝	서울특별시 마포구 동교동  162번지 4호  지하1층		126.922095	37.5549797	커피숍
149	휴게음식점	보드스쿨	서울특별시 마포구 서교동  345번지 2호		126.9234324	37.5550055	커피숍
150	휴게음식점	오늘은	서울특별시 마포구 서교동  358번지 62호		126.9225639	37.553619	커피숍
151	휴게음식점	오늘은	서울특별시 마포구 서교동  358번지 62호		126.9225639	37.553619	커피숍
152	휴게음식점	에이(A)카페	서울특별시 마포구 서교동  379번지 11호  1층		126.9164577	37.5523944	커피숍
153	휴게음식점	커피나무	서울특별시 마포구 서교동  343번지 2호  1층일부		126.925688	37.553433	커피숍
154	휴게음식점	카페디모멘토(cafe demomento)	서울특별시 마포구 서교동  364번지 6호  1층		126.9223356	37.5513976	커피숍
155	휴게음식점	반지만들기홍대점	서울특별시 마포구 서교동  358번지 29호  -302		126.9231056	37.5524679	커피숍
156	휴게음식점	투썸플레이스	서울특별시 마포구 동교동  158번지 1호  1층		126.9233386	37.557432	커피숍
157	휴게음식점	반지대학 홍대본점	서울특별시 마포구 서교동  407번지 26호  4층		126.922131	37.5505173	커피숍
158	휴게음식점	테일러커피	서울특별시 마포구 서교동  338번지 1호  2층 일부		126.9248289	37.55288720000001	커피숍
159	휴게음식점	만다향	서울특별시 마포구 노고산동  49번지 31호	만다향다업 주식회사	126.9331229	37.5560188	전통찻집
160	휴게음식점	리우스티하우스(LIU'S TEA HOUSE)	서울특별시 마포구 서교동  332번지 20호  1층일부(102호)		126.9265367	37.5560429	커피숍
161	휴게음식점	반지캠퍼스카페	서울특별시 마포구 서교동  345번지 16호  2층		126.9233382	37.554628	커피숍
162	휴게음식점	오드리헵번카페서교점	서울특별시 마포구 서교동  475번지 23호  2층		126.911158	37.5553362	커피숍
163	휴게음식점	카페드롬 서교점	서울특별시 마포구 서교동  475번지 23호  2층		126.911158	37.5553362	커피숍
164	휴게음식점	유어퍼블릭오아시스(Your Public Oasis)	서울특별시 마포구 서교동  396번지 15호  1층일부		126.9255433	37.5554671	커피숍
165	휴게음식점	스타벅스커피서교점	서울특별시 마포구 서교동  395번지 166호  1층일부	(주)스타벅스커피코리아	126.9169075	37.5513453	커피숍
166	휴게음식점	스타벅스커피서교점	서울특별시 마포구 서교동  395번지 166호  1층일부	(주)스타벅스커피코리아	126.9169075	37.5513453	커피숍
167	휴게음식점	츄로스토리롯데시네마홍대점	서울특별시 마포구 동교동  166번지 14호  외8필지 롯데시네마 8층 8F001호일부		126.925	37.5572222	커피숍
168	휴게음식점	트루커피(TRUE COFFEE)	서울특별시 마포구 서교동  353번지 5호  경남관광빌딩 1일 일부		126.9202255	37.5547574	커피숍
169	휴게음식점	펭귄마카롱	서울특별시 마포구 서교동  405번지 14호  1층일부		126.920841	37.5505857	커피숍
170	휴게음식점	츄로101홍대본점	서울특별시 마포구 서교동  346번지 1호  1층	(주)츄로원오원	126.9242635	37.5556852	커피숍
171	휴게음식점	홍커피	서울특별시 마포구 서교동  345번지 26호  1층일부(102호)		126.9231548	37.5545578	커피숍
172	휴게음식점	지커피(GCOFFEE)	서울특별시 마포구 서교동  352번지 11호  1층	(주)지엔씨미디어	126.9194976	37.5552912	커피숍
173	휴게음식점	빈브라더스	서울특별시 마포구 동교동  165번지 4호  양화로164빌딩 3층일부	(주)에이블커피그룹	126.923968	37.5565619	커피숍
174	휴게음식점	캣앤라켓커피(Cat And Racket)	서울특별시 마포구 서교동  397번지 3호  1층		126.9181054	37.5502921	커피숍
175	휴게음식점	아이엔유카페사랑신촌점	서울특별시 마포구 노고산동  107번지 104호  미화빌딩 5층일부	(주)아이엔유카페사랑	126.9370162	37.5533248	커피숍
176	휴게음식점	이상	서울특별시 마포구 서교동  487번지  서교동대우미래사랑 1층-109		126.9166702	37.5574793	커피숍
177	휴게음식점	로즈(ROSE)	서울특별시 마포구 서교동  371번지 10호  지하1층일부	(주)제이디앤드디	126.9191217	37.5528739	커피숍
178	휴게음식점	카페오아시아서교점	서울특별시 마포구 서교동  449번지 27호  1층	카페오아시아 사회적협동조합	126.9172937	37.557274	커피숍
179	휴게음식점	카페오아시아서교점	서울특별시 마포구 서교동  449번지 27호  1층		126.9172937	37.557274	커피숍
180	휴게음식점	닥터베이크(Dr.Bake)	서울특별시 마포구 서교동  449번지 27호  1층	카페오아시아 사회적협동조합	126.9172937	37.557274	커피숍
181	휴게음식점	닥터베이크(Dr.Bake)	서울특별시 마포구 서교동  449번지 27호  1층		126.9172937	37.557274	커피숍
182	휴게음식점	노란구름빵	서울특별시 마포구 서교동  332번지 35호	(주)혜우	126.9265367	37.5560429	커피숍
183	휴게음식점	팝바	서울특별시 마포구 서교동  346번지 52호  1층 좌측		126.9238379	37.5549812	커피숍
184	휴게음식점	데코덴카페내맘케(decoden cafe 내맘케)	서울특별시 마포구 서교동  363번지 20호	(주)더만듦	126.9218593	37.55115360000001	커피숍
185	휴게음식점	스페로스페라	서울특별시 마포구 서교동  364번지 31호		126.922327	37.5521499	기타 휴게음식점
186	휴게음식점	훈고링고브레드	서울특별시 마포구 서교동  247번지 163호  2층일부(좌측)		126.912966	37.5581055	커피숍
187	휴게음식점	홍대입구점빽다방	서울특별시 마포구 서교동  346번지 47호  외1필지 1층일부		126.9238379	37.5549812	커피숍
188	휴게음식점	빽다방홍대극동방송점	서울특별시 마포구 서교동  411번지 2호  1층일부		126.9226302	37.54980279999999	다방
189	휴게음식점	빽다방홍대극동방송점	서울특별시 마포구 서교동  411번지 2호  1층일부		126.9226302	37.54980279999999	다방
190	휴게음식점	달콤커피홍대YZ파크점	서울특별시 마포구 동교동  166번지 15호  동교동 스타피카소 7층일부(7FA07일부7FA087FA097FA117FA147FA497FA50호)		126.9251416	37.5571183	커피숍
191	휴게음식점	만나떡볶이	서울특별시 마포구 동교동  148번지 8호  1층일부		126.9251077	37.5594763	기타 휴게음식점
192	휴게음식점	만나떡볶이	서울특별시 마포구 동교동  148번지 8호  1층일부		126.9251077	37.5594763	기타 휴게음식점
193	휴게음식점	에그 셀런트 연남점	서울특별시 마포구 동교동  148번지 8호  1층일부		126.9251077	37.5594763	기타 휴게음식점
194	휴게음식점	에그 셀런트 연남점	서울특별시 마포구 동교동  148번지 8호  1층일부		126.9251077	37.5594763	기타 휴게음식점
195	휴게음식점	노엘(NOEL)	서울특별시 마포구 동교동  190번지 1호  공항철도홍대입구역(지하2층일부)1172-10		126.925262	37.557722	기타 휴게음식점
196	휴게음식점	스윗츄(SWEETU)	서울특별시 마포구 서교동  474번지 37호  1층		126.9138868	37.5560326	기타 휴게음식점
197	휴게음식점	스윗츄(SWEETU)	서울특별시 마포구 서교동  474번지 37호  1층		126.9138868	37.5560326	기타 휴게음식점
198	휴게음식점	스윗츄(SWEETU)	서울특별시 마포구 서교동  474번지 37호  1층		126.9138868	37.5560326	기타 휴게음식점
199	휴게음식점	포렛(foret)	서울특별시 마포구 서교동  474번지 37호  1층		126.9138868	37.5560326	기타 휴게음식점
200	휴게음식점	포렛(foret)	서울특별시 마포구 서교동  474번지 37호  1층		126.9138868	37.5560326	기타 휴게음식점
201	휴게음식점	포렛(foret)	서울특별시 마포구 서교동  474번지 37호  1층		126.9138868	37.5560326	기타 휴게음식점
202	휴게음식점	라이킷(LIKIT)	서울특별시 마포구 서교동  474번지 37호  1층		126.9138868	37.5560326	기타 휴게음식점
203	휴게음식점	라이킷(LIKIT)	서울특별시 마포구 서교동  474번지 37호  1층		126.9138868	37.5560326	기타 휴게음식점
204	휴게음식점	라이킷(LIKIT)	서울특별시 마포구 서교동  474번지 37호  1층		126.9138868	37.5560326	기타 휴게음식점
205	휴게음식점	달프프레즐(DALP PRETZEL)	서울특별시 마포구 서교동  333번지 6호  1층일부-102		126.9261585	37.5547933	커피숍
206	휴게음식점	쿵푸티	서울특별시 마포구 서교동  357번지 1호  서교오피스텔지2층일부		126.914726	37.5564793	커피숍
207	휴게음식점	카페이스	서울특별시 마포구 서교동  357번지 1호  서교오피스텔지2층일부		126.914726	37.5564793	커피숍
208	휴게음식점	움트(oumt)	서울특별시 마포구 서교동  332번지 15호  삼이빌딩 2층		126.9260189	37.555448	기타 휴게음식점
209	휴게음식점	카페장쌤	서울특별시 마포구 서교동  333번지 30호  1층일부		126.9261585	37.5547933	기타 휴게음식점
210	휴게음식점	스타벅스커피 서교동사거리	서울특별시 마포구 서교동  374번지 20호  1층	(주)스타벅스커피 코리아	126.9185644	37.5533761	커피숍
211	휴게음식점	스타벅스커피 서교동사거리	서울특별시 마포구 서교동  374번지 20호  1층	(주)스타벅스커피 코리아	126.9185644	37.5533761	커피숍
212	휴게음식점	친구네놀이터	서울특별시 마포구 서교동  405번지 3호  3층		126.920841	37.5505857	커피숍
213	휴게음식점	쏘커피홍대역점	서울특별시 마포구 서교동  354번지 1호  1층일부		126.9215641	37.554755	커피숍
214	휴게음식점	쏘커피홍대역점	서울특별시 마포구 서교동  354번지 1호  1층일부		126.9215641	37.554755	커피숍
215	휴게음식점	아임당빵그리고차	서울특별시 마포구 서교동  384번지 3호  2층일부		126.913481	37.5521833	커피숍
216	휴게음식점	키스더티라미수홍대엘큐브점	서울특별시 마포구 동교동  163번지 20호  1？일	(주)프테이	126.9223213	37.5547475	커피숍
217	휴게음식점	키스더티라미수홍대엘큐브점	서울특별시 마포구 동교동  163번지 20호  1？일	(주)신사리퍼블릭	126.9223213	37.5547475	커피숍
218	휴게음식점	ㅋㅋ다방엘큐브홍대점	서울특별시 마포구 동교동  163번지 20호  1？일	(주)프테이	126.9223213	37.5547475	커피숍
219	휴게음식점	ㅋㅋ다방엘큐브홍대점	서울특별시 마포구 동교동  163번지 20호  1？일	(주)신사리퍼블릭	126.9223213	37.5547475	커피숍
220	휴게음식점	토미쥬스	서울특별시 마포구 서교동  337번지 15호		126.9281084	37.5537748	커피숍
221	휴게음식점	카툰공감홍대점	서울특별시 마포구 서교동  369번지 4호  호곡빌딩 4층일부		126.9213963	37.5525739	커피숍
222	휴게음식점	코믹한쌀롱	서울특별시 마포구 서교동  396번지 45호		126.9180103	37.5497479	커피숍
223	휴게음식점	힐링카페심신프리	서울특별시 마포구 서교동  358번지 8호  3층	(주)심신프리	126.9224651	37.5536442	커피숍
224	휴게음식점	북까페산책	서울특별시 마포구 서교동  352번지 18호  1층일부		126.9195211	37.5550788	기타 휴게음식점
225	휴게음식점	맹쿤	서울특별시 마포구 서교동  358번지 2호  4층		126.9236985	37.5526328	커피숍
226	휴게음식점	에이난(A-Nan)	서울특별시 마포구 서교동  368번지 4호  해냄빌딩 1층일부		126.9200312	37.5513134	커피숍
227	휴게음식점	세븐일레븐홍대5번출구점	서울특별시 마포구 동교동  176번지 13호  1층편의점내	(주)코리아세븐	126.9284886	37.5576518	기타 휴게음식점
228	휴게음식점	세븐일레븐홍대5번출구점	서울특별시 마포구 동교동  176번지 13호  1층편의점내	(주)코리아세븐	126.9284886	37.5576518	기타 휴게음식점
229	휴게음식점	킹콩쥬스홍대1호점	서울특별시 마포구 서교동  344번지 6호  외 1필지 칼리오페 1층 106호		126.9242887	37.5536194	커피숍
230	휴게음식점	스타벅스커피 신촌오거리	서울특별시 마포구 노고산동  54번지 1호	(주)스타벅스커피코리아	126.9346633	37.555138	커피숍
231	휴게음식점	스타벅스커피 신촌오거리	서울특별시 마포구 노고산동  54번지 1호	(주)스타벅스커피코리아	126.9346633	37.555138	커피숍
232	휴게음식점	디비스토리카페	서울특별시 마포구 서교동  347번지 15호		126.9252498	37.5553338	커피숍
233	휴게음식점	디비스토리카페	서울특별시 마포구 서교동  345번지 7호  2층		126.9234471	37.5547677	커피숍
234	휴게음식점	디비스토리카페	서울특별시 마포구 서교동  347번지 15호		126.9252498	37.5553338	커피숍
235	휴게음식점	디비스토리카페	서울특별시 마포구 서교동  345번지 7호  2층		126.9234471	37.5547677	커피숍
236	휴게음식점	바니스가든 디비스토리 카페	서울특별시 마포구 서교동  347번지 15호		126.9252498	37.5553338	커피숍
237	휴게음식점	바니스가든 디비스토리 카페	서울특별시 마포구 서교동  345번지 7호  2층		126.9234471	37.5547677	커피숍
238	휴게음식점	바니스가든 디비스토리 카페	서울특별시 마포구 서교동  347번지 15호		126.9252498	37.5553338	커피숍
239	휴게음식점	바니스가든 디비스토리 카페	서울특별시 마포구 서교동  345번지 7호  2층		126.9234471	37.5547677	커피숍
240	휴게음식점	보노보카페	서울특별시 마포구 서교동  347번지 15호		126.9252498	37.5553338	커피숍
241	휴게음식점	보노보카페	서울특별시 마포구 서교동  345번지 7호  2층		126.9234471	37.5547677	커피숍
242	휴게음식점	보노보카페	서울특별시 마포구 서교동  347번지 15호		126.9252498	37.5553338	커피숍
243	휴게음식점	보노보카페	서울특별시 마포구 서교동  345번지 7호  2층		126.9234471	37.5547677	커피숍
244	휴게음식점	세븐일레븐홍대클럽점 B	서울특별시 마포구 서교동  408번지 7호  1층편의점내일부	(주)바이더웨이	126.9210846	37.5495445	기타 휴게음식점
245	휴게음식점	데일리그라운드	서울특별시 마포구 서교동  408번지 10호  1층일부		126.9210846	37.5495445	커피숍
246	휴게음식점	북카페다독다독多讀茶讀	서울특별시 마포구 서교동  341번지 1호  마포도서관 1층일부	서울시립지적장애인복지관	126.9251258	37.5546731	커피숍
247	휴게음식점	북카페다독다독多讀茶讀	서울특별시 마포구 서교동  341번지 1호  마포도서관 1층일부	서울시립발달장애인복지관	126.9251258	37.5546731	커피숍
248	휴게음식점	보보앤코(bobo&co)	서울특별시 마포구 서교동  451번지 4호  1층일부		126.9160059	37.5571045	커피숍
249	휴게음식점	구름뜬하늘	서울특별시 마포구 서교동  339번지 5호  2층		126.9267545	37.5541148	커피숍
250	휴게음식점	꼼지락꼼지락	서울특별시 마포구 서교동  407번지 18호  4층		126.9213545	37.5503687	커피숍
251	휴게음식점	커피폴리	서울특별시 마포구 서교동  378번지 19호  1층		126.9159336	37.5520175	커피숍
252	휴게음식점	모두막	서울특별시 마포구 서교동  332번지 30호  2층		126.9261367	37.5555995	기타 휴게음식점
253	휴게음식점	세븐일레븐마포스토리점	서울특별시 마포구 서교동  445번지 4호  1층편의점내일부		126.9194692	37.5556135	기타 휴게음식점
254	휴게음식점	세인트아이브스	서울특별시 마포구 서교동  399번지 4호  2층전체	주식회사에이치에스커피	126.9181851	37.5490846	커피숍
255	휴게음식점	레드플랜트랩(Redplant Lab)	서울특별시 마포구 서교동  481번지 8호  고니빌딩 1층일부		126.914119	37.554574	커피숍
256	휴게음식점	언더크레마(Under crema)	서울특별시 마포구 서교동  347번지 30호  지1층우층일부		126.9159346	37.5582725	커피숍
257	휴게음식점	차의물어(홍대본점)	서울특별시 마포구 서교동  486번지		126.9236241	37.553716	기타 휴게음식점
258	휴게음식점	차의물어(홍대본점)	서울특별시 마포구 서교동  486번지		126.9236241	37.553716	기타 휴게음식점
259	휴게음식점	미미커피	서울특별시 마포구 서교동  453번지 1호		126.9162928	37.5577649	커피숍
260	휴게음식점	바우(VOW)	서울특별시 마포구 서교동  334번지 23호  102호		126.9278276	37.5552833	커피숍
261	휴게음식점	트루로맨스	서울특별시 마포구 서교동  334번지 8호		126.9278276	37.5552833	커피숍
262	휴게음식점	레드플랜트	서울특별시 마포구 동교동  204번지 50호  1층일부		126.9218435	37.559079	기타 휴게음식점
263	휴게음식점	카페틔움	서울특별시 마포구 서교동  442번지 28호		126.9112148	37.5561035	커피숍
264	휴게음식점	프레드앤샐리	서울특별시 마포구 서교동  487번지		126.9167795	37.5570602	커피숍
265	휴게음식점	로벤	서울특별시 마포구 서교동  368번지 11호		126.9202249	37.5514009	커피숍
266	휴게음식점	카카오프렌즈라이언카페홍대점	서울특별시 마포구 동교동  165번지 5호	카카오프렌즈(주)	126.9236419	37.5567292	기타 휴게음식점
267	휴게음식점	카카오프렌즈라이언카페홍대점	서울특별시 마포구 동교동  165번지 5호	카카오프렌즈(주)	126.9236419	37.5567292	기타 휴게음식점
268	휴게음식점	테일러커피	서울특별시 마포구 서교동  327번지 8호		126.9297237	37.5549419	커피숍
269	휴게음식점	커피에반하다	서울특별시 마포구 서교동  393번지 5호		126.9148558	37.550638	커피숍
270	휴게음식점	노란코끼리커피로스터스	서울특별시 마포구 서교동  375번지 11호		126.9185721	37.55449160000001	커피숍
271	휴게음식점	헤라PC방	서울특별시 마포구 서교동  362번지 2호		126.923172	37.5517107	기타 휴게음식점
272	휴게음식점	헤라PC방	서울특별시 마포구 서교동  362번지 2호		126.923172	37.5517107	기타 휴게음식점
273	휴게음식점	독수리PC방	서울특별시 마포구 서교동  362번지 2호		126.923172	37.5517107	기타 휴게음식점
274	휴게음식점	독수리PC방	서울특별시 마포구 서교동  362번지 2호		126.923172	37.5517107	기타 휴게음식점
275	휴게음식점	레드빅	서울특별시 마포구 서교동  372번지 9호		126.9194429	37.5521037	커피숍
276	휴게음식점	카페데코믹스	서울특별시 마포구 서교동  358번지 113호		126.9231056	37.5524679	기타 휴게음식점
277	휴게음식점	슈퍼보드	서울특별시 마포구 서교동  355번지 1호  3층		126.9212728	37.5535288	커피숍
278	휴게음식점	워시타운(WASHTOWN)	서울특별시 마포구 서교동  478번지 3호		126.9141913	37.555174	커피숍
279	휴게음식점	(주)커피빈코리아홍대역8번출구점	서울특별시 마포구 동교동  168번지 4호	(주)커피빈코리아	126.9250467	37.5567889	커피숍
280	휴게음식점	더칼라	서울특별시 마포구 서교동  330번지 28호		126.9276828	37.5563885	커피숍
281	휴게음식점	아쿠아쿠	서울특별시 마포구 서교동  345번지 6호		126.9233364	37.5549109	커피숍
282	휴게음식점	바나나당	서울특별시 마포구 서교동  343번지 13호	(주)바나나당	126.9251381	37.5536541	기타 휴게음식점
283	휴게음식점	키커랜드	서울특별시 마포구 서교동  399번지 7호	바오밥디자인(주)	126.9176773	37.5488222	커피숍
284	휴게음식점	커피에반하다 홍대점	서울특별시 마포구 서교동  343번지 11호		126.9247166	37.5534575	기타 휴게음식점
285	휴게음식점	커피에반하다 홍대점	서울특별시 마포구 서교동  343번지 11호		126.9247166	37.5534575	기타 휴게음식점
286	휴게음식점	필로커피	서울특별시 마포구 동교동  154번지 27호		126.924572	37.5588732	커피숍
287	휴게음식점	놀숲홍대입구점	서울특별시 마포구 서교동  358번지 2호		126.9231056	37.5524679	커피숍
288	휴게음식점	갤러리라운지카페	서울특별시 마포구 서교동  367번지 5호	컴퍼니에스에스(주)	126.9210433	37.5509155	커피숍
289	휴게음식점	파티세리아르데슈아(Patissrie Ardechois)	서울특별시 마포구 서교동  375번지 4호		126.919162	37.5543925	커피숍
290	휴게음식점	어바웃 블랭크(about blank)	서울특별시 마포구 서교동  396번지 10호  1층일부		126.9180103	37.5497479	커피숍
291	휴게음식점	주식회사혼미니골드홍대지점	서울특별시 마포구 동교동  164번지 30호	주식회사 혼 (HON)	126.9234398	37.5555921	커피숍
292	휴게음식점	카페 피움(cafe fioom) 홍대점	서울특별시 마포구 동교동  164번지 30호	주식회사 혼 (HON)	126.9234398	37.5555921	커피숍
293	휴게음식점	엘리펀트스페이스	서울특별시 마포구 서교동  459번지 4호  1층	(주)레벨나인	126.9160139	37.5552971	커피숍
294	휴게음식점	순애네놀이터	서울특별시 마포구 서교동  407번지 20호  3층		126.9213315	37.5502414	기타 휴게음식점
295	휴게음식점	타르타르	서울특별시 마포구 서교동  336번지 1호  1층		126.9285511	37.5548682	커피숍
296	휴게음식점	커피만(홍대점)	서울특별시 마포구 서교동  346번지 53호		126.9236447	37.5543325	커피숍
297	휴게음식점	커피만(홍대점)	서울특별시 마포구 서교동  346번지 53호		126.9236447	37.5543325	커피숍
298	휴게음식점	커피온리(홍대점)	서울특별시 마포구 서교동  346번지 53호		126.9236447	37.5543325	커피숍
299	휴게음식점	커피온리(홍대점)	서울특별시 마포구 서교동  346번지 53호		126.9236447	37.5543325	커피숍
300	휴게음식점	더 커피	서울특별시 마포구 서교동  346번지 53호		126.9236447	37.5543325	커피숍
301	휴게음식점	더 커피	서울특별시 마포구 서교동  346번지 53호		126.9236447	37.5543325	커피숍
302	휴게음식점	마포다방	서울특별시 마포구 서교동  369번지 25호		126.9207823	37.5527737	커피숍
303	휴게음식점	마포다방	서울특별시 마포구 서교동  461번지 2호		126.9167273	37.5553478	커피숍
304	휴게음식점	마포다방	서울특별시 마포구 서교동  369번지 25호	주식회사 하이펫스쿨	126.9207823	37.5527737	커피숍
305	휴게음식점	마포다방	서울특별시 마포구 서교동  461번지 2호	주식회사 하이펫스쿨	126.9167273	37.5553478	커피숍
306	휴게음식점	맹쿤	서울특별시 마포구 서교동  407번지 27호  4층		126.9213545	37.5503687	다방
307	휴게음식점	아이비스PC홍대역점	서울특별시 마포구 동교동  165번지 8호  LG팰리스빌딩(221호일부)		126.9234453	37.5560805	기타 휴게음식점
308	휴게음식점	그리운꼬마	서울특별시 마포구 서교동  464번지 10호  1층		126.9169086	37.554634	커피숍
309	휴게음식점	블루웨일	서울특별시 마포구 서교동  463번지 15호  1층우측		126.9255433	37.5554671	커피숍
310	휴게음식점	망원동내커피 서교점	서울특별시 마포구 서교동  482번지 44호		126.9153502	37.5542368	커피숍
311	휴게음식점	가람	서울특별시 마포구 동교동  176번지 14호		126.9274169	37.5574835	커피숍
312	휴게음식점	가람	서울특별시 마포구 동교동  176번지 14호		126.9274169	37.5574835	커피숍
313	휴게음식점	(주)커피빈코리아동교동삼거리점	서울특별시 마포구 동교동  173번지 16호  1층	(주)커피빈코리아	126.9264846	37.55833459999999	커피숍
314	휴게음식점	백미당홍대점	서울특별시 마포구 동교동  159번지 5호  현대카드 현대캐피탈 홍대사옥1층일부	남양유업주식회사	126.9233	37.5568946	커피숍
315	휴게음식점	백미당홍대점	서울특별시 마포구 동교동  159번지 5호  현대카드 현대캐피탈 홍대사옥1층일부	남양유업주식회사	126.9233	37.5568946	커피숍
316	휴게음식점	백미당홍대점	서울특별시 마포구 동교동  159번지 5호  현대카드 현대캐피탈 홍대사옥1층일부	남양유업주식회사	126.9233	37.5568946	커피숍
317	휴게음식점	메가커피홍대입구역점	서울특별시 마포구 동교동  164번지 22호	(주)앤하우스	126.9242604	37.55606179999999	커피숍
318	휴게음식점	메가엠지씨커피 홍대입구역점	서울특별시 마포구 동교동  164번지 22호	(주)앤하우스	126.9242604	37.55606179999999	커피숍
319	휴게음식점	아트홀릭	서울특별시 마포구 서교동  332번지 7호		126.9265494	37.5556258	다방
320	휴게음식점	핑크풀카페	서울특별시 마포구 서교동  335번지 21호	(주)난다	126.9274245	37.5545066	커피숍
321	휴게음식점	디어라이프	서울특별시 마포구 서교동  395번지 3호	(주)북하우스퍼블리셔스	126.9186088	37.5516384	기타 휴게음식점
322	휴게음식점	아보 Avoh	서울특별시 마포구 서교동  395번지 155호		126.9169075	37.5513453	기타 휴게음식점
323	휴게음식점	스트릿츄러스홍대영풍문고점	서울특별시 마포구 동교동  159번지 5호	(주)스트릿츄러스	126.9233	37.5568946	커피숍
324	휴게음식점	스트릿츄러스홍대영풍문고점	서울특별시 마포구 동교동  159번지 5호	(주)솔라벨	126.9233	37.5568946	커피숍
325	휴게음식점	프랑켄모노카페 FRANKENMONOCAFE	서울특별시 마포구 서교동  337번지 4호	(주)엘렌	126.9293574	37.554361	커피숍
326	휴게음식점	브이엑스메이트카페	서울특별시 마포구 서교동  395번지 17호		126.9201884	37.5507121	커피숍
327	휴게음식점	야미 요밀	서울특별시 마포구 서교동  391번지 18호  1층	주식회사 비건팩토리	126.9152198	37.5515235	커피숍
328	휴게음식점	포담 티하우스	서울특별시 마포구 서교동  352번지 21호  1층		126.9191563	37.5549457	커피숍
329	휴게음식점	스타벅스 홍대공항철도역점	서울특별시 마포구 동교동  166번지 1호  지하1~지상2층	주식회사 스타벅스커피코리아	126.9246749	37.5567531	커피숍
330	휴게음식점	스타벅스 홍대공항철도역점	서울특별시 마포구 동교동  166번지 1호  지하1~지상2층	주식회사 스타벅스커피코리아	126.9246749	37.5567531	커피숍
331	휴게음식점	노란코끼리	서울특별시 마포구 동교동  161번지 5호		126.9215271	37.556063	커피숍
332	휴게음식점	노란코끼리	서울특별시 마포구 동교동  161번지 5호		126.9215271	37.556063	커피숍
333	휴게음식점	포토그룹W카페	서울특별시 마포구 동교동  200번지 18호  1층	(주)포토그룹더블유카페	126.921682	37.5578764	커피숍
334	휴게음식점	레이앤크림	서울특별시 마포구 서교동  328번지 11호		126.9289678	37.5552504	커피숍
335	휴게음식점	공사	서울특별시 마포구 동교동  200번지 33호  1층		126.922528	37.5580778	커피숍
336	휴게음식점	라이또PC홍대점	서울특별시 마포구 서교동  355번지 15호  무광빌딩 2층-201		126.9204988	37.5533926	기타 휴게음식점
337	휴게음식점	엔터 브이알(Enter VR)홍대점	서울특별시 마포구 서교동  364번지 17호  서교동 금광빌딩	주식회사 오에스벤처스	126.9215904	37.5515945	커피숍
338	휴게음식점	엔터 브이알(Enter VR)홍대점	서울특별시 마포구 서교동  364번지 17호  서교동 금광빌딩	주식회사 오에스벤처스	126.9215904	37.5515945	커피숍
339	휴게음식점	카페런드리	서울특별시 마포구 서교동  487번지  서교동 대우미래사랑		126.9166702	37.5574793	커피숍
340	휴게음식점	베어스덴 베이커리	서울특별시 마포구 동교동  147번지 59호		126.92557	37.5592832	커피숍
341	휴게음식점	베어스덴 베이커리	서울특별시 마포구 동교동  147번지 59호		126.92557	37.5592832	커피숍
342	휴게음식점	카린 홍대라운지	서울특별시 마포구 서교동  345번지 8호	주식회사 스타비젼	126.923345	37.554237	커피숍
343	휴게음식점	카린 홍대라운지	서울특별시 마포구 서교동  345번지 8호	주식회사 스타드림	126.923345	37.554237	커피숍
344	휴게음식점	돌담커피	서울특별시 마포구 서교동  334번지 17호		126.926839	37.5546923	커피숍
345	휴게음식점	코칭	서울특별시 마포구 서교동  345번지 2호		126.9234324	37.5550055	커피숍
346	휴게음식점	(주)히트브이알	서울특별시 마포구 동교동  160번지 5호  롯데호텔 L7홍대	(주)히트브이알	126.9214391	37.5557315	기타 휴게음식점
347	휴게음식점	(주)히트브이알	서울특별시 마포구 동교동  160번지 5호  롯데호텔 L7홍대	(주)히트브이알	126.9214391	37.5557315	기타 휴게음식점
348	휴게음식점	부다페스트 카페	서울특별시 마포구 동교동  160번지 5호  롯데호텔 L7홍대	(주)히트브이알	126.9214391	37.5557315	기타 휴게음식점
349	휴게음식점	부다페스트 카페	서울특별시 마포구 동교동  160번지 5호  롯데호텔 L7홍대	(주)히트브이알	126.9214391	37.5557315	기타 휴게음식점
350	휴게음식점	널디스카페(NERDY'S CAFE)	서울특별시 마포구 서교동  358번지 117호	(주)멀티넥스	126.9231056	37.5524679	커피숍
351	휴게음식점	청춘124	서울특별시 마포구 서교동  381번지 11호	(주)주원디케이	126.9143898	37.5527259	커피숍
352	휴게음식점	브이알스퀘어(VR SQUARE)	서울특별시 마포구 서교동  363번지 17호  3층	주식회사스코넥엔터테인먼트	126.9214723	37.55106900000001	커피숍
353	휴게음식점	아더(ader)카페	서울특별시 마포구 서교동  364번지 6호	(주)에스에이치스페이스	126.9223356	37.5513976	기타 휴게음식점
354	휴게음식점	X?D팩토리	서울특별시 마포구 동교동  163번지 20호  3층일부		126.90381	37.5701164	커피숍
355	휴게음식점	GS25합정본점	서울특별시 마포구 서교동  393번지 5호		126.9148558	37.550638	기타 휴게음식점
356	휴게음식점	망원동티라미수 연남동점	서울특별시 마포구 동교동  148번지 9호  1층	주식회사 매거진알	126.9250374	37.5595622	기타 휴게음식점
357	휴게음식점	오바도즈(OVADOZ)	서울특별시 마포구 서교동  401번지 13호		126.9193774	37.5487216	기타 휴게음식점
358	휴게음식점	오바도즈(OVADOZ)	서울특별시 마포구 서교동  401번지 13호		126.9193774	37.5487216	기타 휴게음식점
359	휴게음식점	블랙코지	서울특별시 마포구 서교동  468번지 17호  잇다빌딩		126.9143374	37.5563368	커피숍
360	휴게음식점	놀숲플러스 홍대점	서울특별시 마포구 서교동  357번지 5호  홍익몰		126.9211488	37.5531753	커피숍
361	휴게음식점	카페드랑페르	서울특별시 마포구 동교동  201번지 4호		126.9217588	37.5573401	커피숍
362	휴게음식점	이마녀중국어수프	서울특별시 마포구 서교동  397번지 8호  MAK02		126.9179971	37.5501127	커피숍
363	휴게음식점	익스트림커피	서울특별시 마포구 서교동  408번지 27호  라꼼마빌딩1층일부		126.9208923	37.5489248	커피숍
364	휴게음식점	씨유 홍대한벗점	서울특별시 마포구 서교동  342번지 12호  오즈빌딩		126.924485	37.5536626	기타 휴게음식점
365	휴게음식점	(주)에프앤에프홍대점(MLB)	서울특별시 마포구 서교동  360번지 2호  4층	주식회사 에프앤에프	126.9240849	37.551182	커피숍
366	휴게음식점	양말샵	서울특별시 마포구 서교동  375번지 45호	(주)진스네트웍스	126.9186982	37.5545333	커피숍
367	휴게음식점	스타벅스 합정폴리스R	서울특별시 마포구 서교동  490번지  메세나폴리스	(주)스타벅스커피코리아	126.9133225	37.5510614	커피숍
368	휴게음식점	스타벅스 합정폴리스R	서울특별시 마포구 서교동  490번지  메세나폴리스	(주)스타벅스커피코리아	126.9133225	37.5510614	커피숍
369	휴게음식점	커피#멜로우(COFFEE#MELLOW)	서울특별시 마포구 동교동  166번지 14호  동교동 스타피카소		126.9251416	37.5571183	커피숍
370	휴게음식점	커피#멜로우(COFFEE#MELLOW)	서울특별시 마포구 동교동  166번지 14호  동교동 스타피카소	유한푸드팜 주식회사	126.9251416	37.5571183	커피숍
371	휴게음식점	와플대학(홍대점)	서울특별시 마포구 동교동  166번지 14호  동교동 스타피카소		126.9251416	37.5571183	커피숍
372	휴게음식점	와플대학(홍대점)	서울특별시 마포구 동교동  166번지 14호  동교동 스타피카소	유한푸드팜 주식회사	126.9251416	37.5571183	커피숍
373	휴게음식점	스튜디오애플	서울특별시 마포구 서교동  377번지 26호	주식회사 비전비엔피	126.9171334	37.5531755	커피숍
374	휴게음식점	하루	서울특별시 마포구 서교동  383번지 2호		126.9126536	37.5522631	커피숍
375	휴게음식점	커피볶는 라지엘	서울특별시 마포구 서교동  346번지 21호		126.9238379	37.5549812	커피숍
376	휴게음식점	홍루이젠연남동점	서울특별시 마포구 동교동  198번지 19호		126.9236138	37.5598592	기타 휴게음식점
377	휴게음식점	이마트24마포서교점	서울특별시 마포구 서교동  354번지 14호  1층일부		126.9215641	37.554755	기타 휴게음식점
378	휴게음식점	카페깔깔고블린	서울특별시 마포구 서교동  461번지 2호		126.9167273	37.5553478	커피숍
379	휴게음식점	커피디지(홍대점)	서울특별시 마포구 서교동  343번지 6호		126.9252581	37.553421	기타 휴게음식점
380	휴게음식점	커피디지(홍대점)	서울특별시 마포구 서교동  343번지 6호		126.9252581	37.553421	기타 휴게음식점
381	휴게음식점	레드도어(REDDOOR)	서울특별시 마포구 서교동  343번지 6호		126.9252581	37.553421	기타 휴게음식점
382	휴게음식점	레드도어(REDDOOR)	서울특별시 마포구 서교동  343번지 6호		126.9252581	37.553421	기타 휴게음식점
383	휴게음식점	제주김만복 홍대연남동점	서울특별시 마포구 동교동  190번지 1호		126.926422	37.557643	기타 휴게음식점
384	휴게음식점	피나클커피	서울특별시 마포구 서교동  400번지 21호		126.9188592	37.5492637	기타 휴게음식점
385	휴게음식점	망원동내커피 창비점	서울특별시 마포구 서교동  475번지 34호  창비서교빌딩		126.9115249	37.5553429	커피숍
386	휴게음식점	르타오	서울특별시 마포구 동교동  190번지 1호	주식회사 티엠지홀딩스	126.926422	37.557643	기타 휴게음식점
387	휴게음식점	베질루르	서울특별시 마포구 동교동  190번지 1호	주식회사 티엠지홀딩스	126.926422	37.557643	기타 휴게음식점
388	휴게음식점	베이브(VAVE)	서울특별시 마포구 동교동  203번지 30호  우퍼 빌딩		126.9210313	37.5576362	기타 휴게음식점
389	휴게음식점	앙트레	서울특별시 마포구 동교동  190번지 1호		126.926422	37.557643	기타 휴게음식점
390	휴게음식점	고심	서울특별시 마포구 서교동  345번지 27호		126.9234349	37.5543585	기타 휴게음식점
391	휴게음식점	고심	서울특별시 마포구 서교동  345번지 27호		126.9234349	37.5543585	기타 휴게음식점
392	휴게음식점	고심	서울특별시 마포구 서교동  345번지 27호		126.9234349	37.5543585	기타 휴게음식점
393	휴게음식점	고심	서울특별시 마포구 서교동  345번지 27호		126.9234349	37.5543585	기타 휴게음식점
394	휴게음식점	원차	서울특별시 마포구 서교동  345번지 27호		126.9234349	37.5543585	기타 휴게음식점
395	휴게음식점	원차	서울특별시 마포구 서교동  345번지 27호		126.9234349	37.5543585	기타 휴게음식점
396	휴게음식점	원차	서울특별시 마포구 서교동  345번지 27호		126.9234349	37.5543585	기타 휴게음식점
397	휴게음식점	원차	서울특별시 마포구 서교동  345번지 27호		126.9234349	37.5543585	기타 휴게음식점
398	휴게음식점	주식회사모두락애경산업	서울특별시 마포구 동교동  190번지 1호  7층	주식회사모두락애경산업	126.926422	37.557643	커피숍
399	휴게음식점	칼마토커피라운지(calmato coffee lounge)	서울특별시 마포구 동교동  188번지 24호  이끼		126.9317537	37.5549711	기타 휴게음식점
400	휴게음식점	세븐일레븐 서교2점B	서울특별시 마포구 서교동  351번지 9호	주식회사 바이더웨이	126.9201859	37.5550452	기타 휴게음식점
401	휴게음식점	세븐일레븐 서교2점B	서울특별시 마포구 서교동  351번지 9호	주식회사 코리아세븐	126.9201859	37.5550452	기타 휴게음식점
402	휴게음식점	세븐일레븐 홍대서교점	서울특별시 마포구 서교동  351번지 9호	주식회사 바이더웨이	126.9201859	37.5550452	기타 휴게음식점
403	휴게음식점	세븐일레븐 홍대서교점	서울특별시 마포구 서교동  351번지 9호	주식회사 코리아세븐	126.9201859	37.5550452	기타 휴게음식점
404	휴게음식점	라이프커피컴퍼니	서울특별시 마포구 서교동  343번지 11호  더 모임		126.9247166	37.5534575	기타 휴게음식점
405	휴게음식점	더 호떡	서울특별시 마포구 서교동  346번지 53호		126.9236447	37.5543325	기타 휴게음식점
406	휴게음식점	더 호떡	서울특별시 마포구 서교동  346번지 53호		126.9236447	37.5543325	기타 휴게음식점
407	휴게음식점	퀸즈볼(QUEEN'S BALLS)	서울특별시 마포구 서교동  346번지 53호		126.9236447	37.5543325	기타 휴게음식점
408	휴게음식점	퀸즈볼(QUEEN'S BALLS)	서울특별시 마포구 서교동  346번지 53호		126.9236447	37.5543325	기타 휴게음식점
409	휴게음식점	슬롭커피(SLOb COFFEE)	서울특별시 마포구 동교동  166번지 10호  1층		126.9247611	37.5568926	커피숍
410	휴게음식점	더벤티	서울특별시 마포구 동교동  163번지 5호		126.9228914	37.5549293	기타 휴게음식점
411	휴게음식점	세븐일레븐홍대중앙점	서울특별시 마포구 서교동  347번지 21호  기린빌딩		126.9204192	37.551736	기타 휴게음식점
412	휴게음식점	비포블루밍(BEFORE BLOOMING)	서울특별시 마포구 동교동  148번지 9호		126.9251077	37.5594763	기타 휴게음식점
413	휴게음식점	유로코 피자 마포홍대점	서울특별시 마포구 서교동  458번지 22호  광남벨라스2차아파트-101		126.9226696	37.5585903	기타 휴게음식점
414	휴게음식점	마룬차(MAROON CHA)	서울특별시 마포구 서교동  330번지 18호  1층일부		126.9269895	37.5561137	기타 휴게음식점
415	휴게음식점	손기	서울특별시 마포구 서교동  330번지 18호  1층일부		126.9269895	37.5561137	기타 휴게음식점
416	휴게음식점	토닥토닥(힐링카페)	서울특별시 마포구 동교동  165번지 1호  미래프라자  2층일부	주식회사 마이다스컨설팅	126.9241417	37.5567017	기타 휴게음식점
417	휴게음식점	이마트24 홍대LG펠리스점	서울특별시 마포구 동교동  165번지 8호  LG팰리스빌딩		126.9234453	37.5560805	기타 휴게음식점
418	휴게음식점	투썸플레이스 합정메세나폴리스	서울특별시 마포구 서교동  490번지  메세나폴리스 B169170171172		126.9133225	37.5510614	기타 휴게음식점
419	휴게음식점	뚜바쏘(TU VASO)	서울특별시 마포구 서교동  438번지 21호		126.9107285	37.5573208	기타 휴게음식점
420	휴게음식점	VASO	서울특별시 마포구 서교동  438번지 21호		126.9107285	37.5573208	기타 휴게음식점
421	휴게음식점	세븐일레븐 합정역점	서울특별시 마포구 서교동  394번지 25호  동양한강트레벨	주식회사 코리아세븐	126.915015	37.5497249	기타 휴게음식점
422	휴게음식점	세븐일레븐 합정역점	서울특별시 마포구 서교동  394번지 25호  동양한강트레벨	주식회사 코리아세븐	126.915015	37.5497249	기타 휴게음식점
423	휴게음식점	디스이즈네버댓	서울특별시 마포구 서교동  368번지 22호  서문빌딩 1층 101호	제이케이앤디 주식회사	126.9197803	37.5515437	기타 휴게음식점
424	휴게음식점	씨유 마포제일점	서울특별시 마포구 서교동  441번지 17호  1층일부		126.9099824	37.5564805	기타 휴게음식점
425	휴게음식점	홍대쌀국수(합정점)	서울특별시 마포구 서교동  490번지  메세나폴리스		126.9133225	37.5510614	기타 휴게음식점
426	휴게음식점	코코샌드(CocoSand)	서울특별시 마포구 동교동  148번지 7호  2층		126.9251077	37.5594763	기타 휴게음식점
427	휴게음식점	바네스	서울특별시 마포구 동교동  147번지 5호  지1층일부		126.9254132	37.5594052	기타 휴게음식점
428	휴게음식점	어카운타빌라버디(accountabilabuddy_cafe)	서울특별시 마포구 동교동  113번지 37호		126.9267141	37.5614273	기타 휴게음식점
429	휴게음식점	어카운타빌라버디(accountabilabuddy_cafe)	서울특별시 마포구 동교동  113번지 37호		126.9267141	37.5614273	기타 휴게음식점
430	휴게음식점	씨유 홍대3호점	서울특별시 마포구 서교동  328번지 13호  1층		126.9289772	37.5549892	기타 휴게음식점
431	휴게음식점	팔공티(홍대점)	서울특별시 마포구 서교동  486번지  서교푸르지오-117		126.9236241	37.553716	기타 휴게음식점
432	휴게음식점	라떼떼(홍대점)	서울특별시 마포구 동교동  165번지 8호  LG팰리스빌딩 지층-B201		126.9234453	37.5560805	기타 휴게음식점
433	휴게음식점	SLOb지하실	서울특별시 마포구 동교동  166번지 10호  지1층		126.9246749	37.5567531	기타 휴게음식점
434	휴게음식점	럭키티	서울특별시 마포구 동교동  168번지 7호	주식회사 럭키티	126.9264168	37.5572969	기타 휴게음식점
435	휴게음식점	태양커피	서울특별시 마포구 서교동  358번지 106호  지층		126.9231056	37.5524679	기타 휴게음식점
436	휴게음식점	미학당	서울특별시 마포구 서교동  358번지 106호  지층일부		126.9236241	37.553716	기타 휴게음식점
437	휴게음식점	만랩커피 홍대입구점	서울특별시 마포구 서교동  327번지 46호		126.9292818	37.555055	기타 휴게음식점
438	휴게음식점	최강어묵	서울특별시 마포구 서교동  358번지 104호  1층		126.9231056	37.5524679	기타 휴게음식점
439	휴게음식점	최강어묵	서울특별시 마포구 서교동  358번지 104호  1층		126.9231056	37.5524679	기타 휴게음식점
440	휴게음식점	코코 버블티 홍대점	서울특별시 마포구 서교동  358번지 104호  1층		126.9231056	37.5524679	기타 휴게음식점
441	휴게음식점	코코 버블티 홍대점	서울특별시 마포구 서교동  358번지 104호  1층		126.9231056	37.5524679	기타 휴게음식점
442	휴게음식점	트릭아이스토어	서울특별시 마포구 서교동  357번지 1호  서교오피스텔 지하2층일부	주식회사 미디어프론트	126.914726	37.5564793	기타 휴게음식점
443	휴게음식점	도화서가	서울특별시 마포구 서교동  343번지 2호  3층		126.925688	37.553433	기타 휴게음식점
444	휴게음식점	완포 티 샵(WanPo Tea Shop)	서울특별시 마포구 동교동  147번지 26호	주식회사 완포인터내셔널홀딩스리미티드	126.9254809	37.5595734	기타 휴게음식점
445	휴게음식점	카페조？	서울특별시 마포구 동교동  197번지 34호		126.9229045	37.5601473	기타 휴게음식점
446	휴게음식점	필름	서울특별시 마포구 동교동  146번지 8호  한국특허정보원빌딩		126.9263081	37.5598958	기타 휴게음식점
447	휴게음식점	공명	서울특별시 마포구 동교동  146번지 8호  한국특허정보원빌딩		126.9263081	37.5598958	기타 휴게음식점
448	휴게음식점	소림커피	서울특별시 마포구 서교동  447번지 9호		126.9194634	37.5562505	기타 휴게음식점
449	휴게음식점	홀랜드앤바렛 메세나폴리스점	서울특별시 마포구 서교동  490번지  메세나폴리스	주식회사 비에스케이코퍼레이션	126.9133225	37.5510614	기타 휴게음식점
450	휴게음식점	투썸플레이스 홍대걷고싶은거리점	서울특별시 마포구 동교동  163번지 11호		126.9226622	37.5547308	기타 휴게음식점
451	휴게음식점	웨이루(WeiLU)	서울특별시 마포구 동교동  113번지 37호		126.9267141	37.5614273	기타 휴게음식점
452	휴게음식점	웨이루(WeiLU)	서울특별시 마포구 동교동  177번지 15호  1층좌측		126.9255433	37.5554671	기타 휴게음식점
453	휴게음식점	웨이루 쿼쿠이	서울특별시 마포구 동교동  113번지 37호		126.9267141	37.5614273	기타 휴게음식점
454	휴게음식점	웨이루 쿼쿠이	서울특별시 마포구 동교동  177번지 15호  1층좌측		126.9255433	37.5554671	기타 휴게음식점
455	휴게음식점	웨이루 쿼쿠이코리아	서울특별시 마포구 동교동  113번지 37호		126.9267141	37.5614273	기타 휴게음식점
456	휴게음식점	웨이루 쿼쿠이코리아	서울특별시 마포구 동교동  177번지 15호  1층좌측		126.9255433	37.5554671	기타 휴게음식점
457	휴게음식점	비엔씨매니아 홍대점	서울특별시 마포구 서교동  358번지 121호  철록헌		126.9212976	37.5490246	기타 휴게음식점
458	휴게음식점	카페로세토	서울특별시 마포구 서교동  378번지 7호  한웅빌딩 1층일부		126.9164093	37.5521417	기타 휴게음식점
459	휴게음식점	씨유에이케이&홍대점	서울특별시 마포구 동교동  190번지 1호  애경타워		126.9263573	37.557818	기타 휴게음식점
460	휴게음식점	카페오월일일	서울특별시 마포구 서교동  475번지 1호  고래빌딩		126.9119853	37.5560412	기타 휴게음식점
461	휴게음식점	낮인더무드(낮 in the mood)	서울특별시 마포구 서교동  396번지 54호		126.9174037	37.549199	기타 휴게음식점
462	휴게음식점	씨유(홍익인간점)	서울특별시 마포구 동교동  155번지 27호  효성홍익인간오피스텔		126.9280891	37.5639663	기타 휴게음식점
463	휴게음식점	이마트24서교초점	서울특별시 마포구 서교동  332번지 12호		126.925966	37.5549583	기타 휴게음식점
464	휴게음식점	GS25서교호호점	서울특별시 마포구 서교동  458번지 2호		126.9145945	37.557105	기타 휴게음식점
465	휴게음식점	블랙티드	서울특별시 마포구 동교동  154번지 5호	주식회사 투에프디	126.9249612	37.5588794	기타 휴게음식점
466	휴게음식점	블랙티드	서울특별시 마포구 동교동  154번지 5호	주식회사 보두코리아	126.9249612	37.5588794	기타 휴게음식점
467	휴게음식점	반지하커피	서울특별시 마포구 서교동  411번지 9호		126.921453	37.5489532	기타 휴게음식점
468	휴게음식점	라헬의부엌(홍대점)	서울특별시 마포구 서교동  333번지 6호		126.9273159	37.5556067	기타 휴게음식점
469	휴게음식점	라헬의부엌(홍대점)	서울특별시 마포구 서교동  333번지 6호		126.9273159	37.5556067	기타 휴게음식점
470	휴게음식점	라헬의부엌(홍대점)	서울특별시 마포구 서교동  333번지 6호		126.9273159	37.5556067	기타 휴게음식점
471	휴게음식점	라헬의부엌(홍대점)	서울특별시 마포구 서교동  333번지 6호		126.9273159	37.5556067	기타 휴게음식점
472	휴게음식점	브리즈PC방	서울특별시 마포구 동교동  162번지 6호  스칼렛빌딩		126.9226455	37.5555758	기타 휴게음식점
473	휴게음식점	지에스25마포한우물점	서울특별시 마포구 서교동  440번지 15호  맨토스빌딩		126.9097412	37.5570369	기타 휴게음식점
474	휴게음식점	투사이즈 코리아(Two Sizes Korea)	서울특별시 마포구 서교동  358번지 111호  대유빌딩		126.9223753	37.5532001	기타 휴게음식점
475	휴게음식점	투사이즈 코리아(Two Sizes Korea)	서울특별시 마포구 서교동  358번지 111호  대유빌딩		126.9223753	37.5532001	기타 휴게음식점
476	휴게음식점	리플로우커피	서울특별시 마포구 동교동  197번지 15호	주식회사 그랜드얼라인먼트	126.9227351	37.5600476	기타 휴게음식점
477	휴게음식점	리플로우커피	서울특별시 마포구 동교동  197번지 15호	주식회사 포스베리	126.9227351	37.5600476	기타 휴게음식점
478	휴게음식점	타미야(홍대점) Mcafe	서울특별시 마포구 동교동  166번지 14호  동교동 스타피카소		126.9251416	37.5571183	기타 휴게음식점
479	휴게음식점	에프알씨스위트롤	서울특별시 마포구 동교동  186번지 16호		126.9324882	37.55513	기타 휴게음식점
480	휴게음식점	에프알씨스위트롤	서울특별시 마포구 동교동  186번지 16호		126.9324882	37.55513	기타 휴게음식점
481	휴게음식점	번역가의 서재	서울특별시 마포구 서교동  457번지 11호		126.9142342	37.5576	기타 휴게음식점
482	휴게음식점	페이딩	서울특별시 마포구 서교동  486번지  서교푸르지오		126.9235585	37.5537021	기타 휴게음식점
483	휴게음식점	커피언탑	서울특별시 마포구 서교동  332번지 3호  JMG빌딩		126.9266066	37.5559039	기타 휴게음식점
484	휴게음식점	페어	서울특별시 마포구 서교동  378번지 12호		126.9164093	37.5521417	기타 휴게음식점
485	휴게음식점	카페어스(Cafe US)	서울특별시 마포구 서교동  401번지 15호		126.9193959	37.5485415	기타 휴게음식점
486	휴게음식점	흑화당 홍대2호점	서울특별시 마포구 동교동  163번지 1호		126.9231455	37.55519839999999	기타 휴게음식점
487	휴게음식점	모시모시	서울특별시 마포구 동교동  163번지 6호		126.9228141	37.5548755	기타 휴게음식점
488	휴게음식점	모시모시	서울특별시 마포구 동교동  163번지 6호		126.9228141	37.5548755	기타 휴게음식점
489	휴게음식점	모시모시(MOSHIMOSHI)	서울특별시 마포구 동교동  163번지 6호		126.9228141	37.5548755	기타 휴게음식점
490	휴게음식점	모시모시(MOSHIMOSHI)	서울특별시 마포구 동교동  163번지 6호		126.9228141	37.5548755	기타 휴게음식점
491	휴게음식점	주식회사 춘지코리아	서울특별시 마포구 서교동  340번지 2호	주식회사 춘지코리아	126.9260979	37.5545216	기타 휴게음식점
492	휴게음식점	이마트24홍대서교점	서울특별시 마포구 서교동  328번지 27호		126.9276182	37.5557599	기타 휴게음식점
493	휴게음식점	몬스터파크PC	서울특별시 마포구 서교동  355번지 2호	주식회사 프리플로우	126.9212728	37.5535288	기타 휴게음식점
494	휴게음식점	긱스타	서울특별시 마포구 서교동  327번지 11호		126.9299384	37.5548078	기타 휴게음식점
495	휴게음식점	반미362 본점	서울특별시 마포구 동교동  155번지 17호	(주)케이푸드코리아코퍼레이션	126.924565	37.5579369	기타 휴게음식점
496	휴게음식점	(주)달음에스앤디	서울특별시 마포구 동교동  154번지 27호	주식회사 달음에스앤디	126.924572	37.5588732	기타 휴게음식점
497	휴게음식점	당인리책발전소	서울특별시 마포구 서교동  475번지 26호		126.9111004	37.5556393	기타 휴게음식점
498	휴게음식점	제이제이앤코	서울특별시 마포구 서교동  330번지 21호		126.9269895	37.5561137	기타 휴게음식점
499	휴게음식점	이팡 홍대	서울특별시 마포구 서교동  330번지 21호		126.9269895	37.5561137	기타 휴게음식점
500	휴게음식점	텍스쳐 커피	서울특별시 마포구 서교동  356번지 2호	주식회사 엔컴	126.9221939	37.55424	기타 휴게음식점
501	휴게음식점	아케이드 커피	서울특별시 마포구 서교동  356번지 2호	주식회사 엔컴	126.9221939	37.55424	기타 휴게음식점
502	휴게음식점	잘생김밥	서울특별시 마포구 서교동  368번지 40호		126.9200378	37.5515803	기타 휴게음식점
503	휴게음식점	빌롱드	서울특별시 마포구 동교동  177번지 16호  파크뷰빌딩	주식회사 자락당	126.9297374	37.5562756	기타 휴게음식점
504	휴게음식점	우드앤티	서울특별시 마포구 서교동  326번지 29호		126.9300896	37.5554687	기타 휴게음식점
505	휴게음식점	우드앤티	서울특별시 마포구 서교동  326번지 29호		126.9300896	37.5554687	기타 휴게음식점
506	휴게음식점	로스팅마스터즈2	서울특별시 마포구 서교동  382번지 16호  도담		126.9138103	37.5528864	기타 휴게음식점
507	휴게음식점	마미팬케이크홍대본점	서울특별시 마포구 서교동  346번지 51호	주식회사 엘에스씨컴퍼니	126.9236485	37.5545371	기타 휴게음식점
508	휴게음식점	더뉴와플홍대본점	서울특별시 마포구 서교동  346번지 51호	주식회사 엘에스씨컴퍼니	126.9236485	37.5545371	기타 휴게음식점
509	휴게음식점	지에스25 서교명품점	서울특별시 마포구 서교동  379번지 1호		126.9170093	37.5529149	기타 휴게음식점
510	휴게음식점	서서커피	서울특별시 마포구 서교동  332번지 3호  JMG빌딩		126.9266066	37.5559039	기타 휴게음식점
511	휴게음식점	자미당 연남점	서울특별시 마포구 동교동  197번지 4호		126.9223944	37.55910470000001	기타 휴게음식점
512	휴게음식점	19평 거실	서울특별시 마포구 동교동  113번지 92호  한화생명 동교동 주택	셰어하우스우주 주식회사	126.9262413	37.5603769	기타 휴게음식점
513	휴게음식점	뜨개쟁이 카페	서울특별시 마포구 서교동  463번지 32호		126.9184298	37.5546264	기타 휴게음식점
514	휴게음식점	노브랜드버거 홍대점	서울특별시 마포구 서교동  356번지 1호	주식회사 신세계푸드	126.9219519	37.5543874	기타 휴게음식점
515	휴게음식점	아트아치	서울특별시 마포구 서교동  403번지 5호	주식회사 디노마드	126.9205099	37.5496852	기타 휴게음식점
516	휴게음식점	더블에그스	서울특별시 마포구 서교동  333번지 17호		126.9265189	37.5546768	기타 휴게음식점
517	휴게음식점	더곳커피컴퍼니	서울특별시 마포구 서교동  396번지 51호		126.9176552	37.5497294	기타 휴게음식점
518	휴게음식점	샐러디 합정역점	서울특별시 마포구 서교동  393번지 1호		126.9151403	37.5509966	기타 휴게음식점
519	휴게음식점	카페 유웨니스(juvenis)	서울특별시 마포구 동교동  177번지 15호		126.9294878	37.5564004	커피숍
520	휴게음식점	던킨 공항철도홍대역사점	서울특별시 마포구 동교동  190번지 1호  홍대입구역		126.926422	37.557643	기타 휴게음식점
521	휴게음식점	땡쓰 어 라이크 애견카페	서울특별시 마포구 서교동  364번지 1호		126.9220098	37.5518569	커피숍
522	휴게음식점	씨유 노고산힐	서울특별시 마포구 노고산동  12번지 74호		126.9388072	37.5537508	기타 휴게음식점
523	휴게음식점	카페코지 홍대점	서울특별시 마포구 동교동  163번지 21호		126.9224746	37.5548733	기타 휴게음식점
524	휴게음식점	밥도둑들	서울특별시 마포구 서교동  328번지 60호		126.9288691	37.5552658	기타 휴게음식점
525	휴게음식점	스모어마켓	서울특별시 마포구 서교동  358번지 80호	아이디어플랩 유한회사	126.9232177	37.5530122	기타 휴게음식점
526	휴게음식점	스모어마켓	서울특별시 마포구 서교동  358번지 80호	아이디어플랩 유한회사	126.9232177	37.5530122	기타 휴게음식점
527	휴게음식점	(주)푸드트립 요거앤카놀리 홍대	서울특별시 마포구 서교동  345번지 12호	주식회사 푸드트립	126.9231548	37.5545578	기타 휴게음식점
528	휴게음식점	푸드트립 강릉육쪽마늘빵	서울특별시 마포구 서교동  345번지 12호	주식회사 푸드트립	126.9231548	37.5545578	기타 휴게음식점
529	휴게음식점	이이알티 베이크샵(eert bake shop)	서울특별시 마포구 서교동  328번지 12호		126.9289774	37.5551289	기타 휴게음식점
530	휴게음식점	카페소담	서울특별시 마포구 서교동  474번지 28호		126.9135847	37.5564182	커피숍
531	휴게음식점	씨유서교보석점	서울특별시 마포구 서교동  484번지 22호		126.9137581	37.553204	기타 휴게음식점
532	휴게음식점	폰드 커피(Fond coffee)	서울특별시 마포구 서교동  468번지 20호  아트림		126.9141246	37.5561069	기타 휴게음식점
533	휴게음식점	씨 더 라이트	서울특별시 마포구 동교동  169번지 29호		126.9254433	37.5566808	기타 휴게음식점
534	휴게음식점	콤마스터디카페	서울특별시 마포구 동교동  182번지 7호		126.9307656	37.5559218	기타 휴게음식점
535	휴게음식점	885COFFEE	서울특별시 마포구 서교동  9번지 16호		126.9324645	37.5546469	기타 휴게음식점
536	휴게음식점	무유(MUYU)	서울특별시 마포구 서교동  402번지 8호  서교빌딩		126.9169248	37.5512986	기타 휴게음식점
537	휴게음식점	GS25 서교리치점	서울특별시 마포구 서교동  476번지 14호		126.9113552	37.55500920000001	기타 휴게음식점
538	휴게음식점	북문당 홍대점	서울특별시 마포구 서교동  364번지 1호		126.9220098	37.5518569	기타 휴게음식점
539	휴게음식점	카페 두시	서울특별시 마포구 서교동  409번지 14호		126.9214752	37.5491435	기타 휴게음식점
540	휴게음식점	러브 이즈 아트 아틀리에(Love Is Art atelier)	서울특별시 마포구 동교동  177번지 9호		126.9294415	37.5565495	기타 휴게음식점
541	휴게음식점	러브 이즈 아트 아틀리에(Love Is Art atelier)	서울특별시 마포구 동교동  177번지 9호		126.9294415	37.5565495	기타 휴게음식점
542	휴게음식점	작지만 작지않은	서울특별시 마포구 서교동  402번지 3호		126.9202828	37.5487208	기타 휴게음식점
543	휴게음식점	세븐일레븐 홍대스타점	서울특별시 마포구 서교동  364번지 17호  서교동 금광빌딩	주식회사 코리아세븐	126.9215904	37.5515945	기타 휴게음식점
544	휴게음식점	샌드프레소 스페셜티 홍대점	서울특별시 마포구 서교동  338번지 18호	주식회사 동원홈푸드	126.9246863	37.5528076	기타 휴게음식점
545	휴게음식점	알앤커피	서울특별시 마포구 서교동  386번지 13호		126.9148413	37.5517164	기타 휴게음식점
546	휴게음식점	원유로 스페셜티 홍대점	서울특별시 마포구 서교동  344번지 6호  칼리오페		126.9243645	37.5534178	기타 휴게음식점
547	휴게음식점	쉬즈베이글 서교동점	서울특별시 마포구 서교동  344번지 6호  칼리오페		126.9243645	37.5534178	기타 휴게음식점
548	휴게음식점	마리올라 타임즈 홍대점	서울특별시 마포구 서교동  371번지 23호	주식회사 글로벌오더	126.9200847	37.5533503	기타 휴게음식점
549	휴게음식점	와이쿠페 홍대직영점	서울특별시 마포구 서교동  344번지 15호	주식회사 비프로젝트	126.9240187	37.5532682	기타 휴게음식점
550	휴게음식점	카페픽	서울특별시 마포구 서교동  408번지 25호	주식회사 수박랩	126.9210846	37.5495445	기타 휴게음식점
551	휴게음식점	스페이스 홍	서울특별시 마포구 서교동  463번지 28호		126.9180579	37.5551446	기타 휴게음식점
552	휴게음식점	쥬씨&차얌(홍대점)	서울특별시 마포구 서교동  486번지  서교푸르지오		126.9235585	37.5537021	기타 휴게음식점
553	휴게음식점	로우필름	서울특별시 마포구 서교동  404번지 31호		126.9199332	37.5496538	기타 휴게음식점
554	휴게음식점	메디람케어	서울특별시 마포구 서교동  353번지 7호  디키즈코리아	주식회사 메디람케어	126.919755	37.55431859999999	기타 휴게음식점
555	휴게음식점	주인더시티(ZICT)	서울특별시 마포구 서교동  358번지 104호		126.9231056	37.5524679	기타 휴게음식점
556	휴게음식점	지에스25 서교임오	서울특별시 마포구 서교동  247번지 14호		126.9174634	37.5585253	기타 휴게음식점
557	휴게음식점	할리스커피 홍대역2번출구점	서울특별시 마포구 동교동  158번지 26호		126.923091	37.5577307	기타 휴게음식점
558	휴게음식점	ROSS COFFEE	서울특별시 마포구 서교동  375번지 24호		126.917808	37.5538746	기타 휴게음식점
559	휴게음식점	뮤즈(MUSE)	서울특별시 마포구 서교동  397번지 13호		126.9180793	37.54998459999999	기타 휴게음식점
560	휴게음식점	더빅	서울특별시 마포구 서교동  444번지 17호		126.9121899	37.5538014	기타 휴게음식점
561	휴게음식점	플라잉 웨일	서울특별시 마포구 서교동  476번지 32호		126.9125314	37.5547542	기타 휴게음식점
562	휴게음식점	GS25  S홍대입구역	서울특별시 마포구 동교동  190번지 1호  홍대입구역		126.926422	37.557643	기타 휴게음식점
563	휴게음식점	젤라떼리아 에따	서울특별시 마포구 동교동  200번지 1호		126.9218578	37.5580105	기타 휴게음식점
564	휴게음식점	피에스타7(FIESTA7)	서울특별시 마포구 동교동  164번지 18호		126.9238853	37.555935	기타 휴게음식점
565	휴게음식점	오네	서울특별시 마포구 서교동  332번지 30호		126.9261367	37.5555995	기타 휴게음식점
566	휴게음식점	카페삼	서울특별시 마포구 서교동  362번지 15호	주식회사 포스3303	126.9232422	37.5517086	기타 휴게음식점
567	휴게음식점	쿠앙플	서울특별시 마포구 서교동  342번지 1호		126.925837	37.5541633	기타 휴게음식점
