	업종명	업소명	소재지지번	법인명	longitude	latitude	업태명	index
0	휴게음식점	린네스가든	서울특별시 영등포구 여의도동  24번지 2호  102호		126.9271369	37.5243535	다방	0
1	휴게음식점	린네스가든	서울특별시 영등포구 여의도동  24번지 2호  102호		126.9271369	37.5243535	다방	1
2	휴게음식점	린네스가든	서울특별시 영등포구 여의도동  24번지 2호  102호		126.9271369	37.5243535	다방	2
3	휴게음식점	덕수궁전통찻집	서울특별시 영등포구 여의도동  14번지 24호  지하1층		126.9039455	37.5187568	다방	3
4	휴게음식점	가나안건강차	서울특별시 영등포구 여의도동  36번지 2호 3층 여의도백화-317		126.9326803	37.52958080000001	다방	4
5	휴게음식점	하드앤빈스	서울특별시 영등포구 여의도동  50번지 0호		126.9370305	37.5207424	다방	5
6	휴게음식점	스타벅스여의도점	서울특별시 영등포구 여의도동  23번지 9호	(주)스타벅스커피코리아	126.9244816	37.5240419	다방	6
7	휴게음식점	스타벅스여의도점	서울특별시 영등포구 여의도동  23번지 9호	(주)스타벅스커피코리아	126.9244816	37.5240419	다방	7
8	휴게음식점	엠엠티에이치051(MMTH051)	서울특별시 영등포구 여의도동  44번지 26호  중앙빌딩1층 111호		126.9290434	37.5206144	다방	8
9	휴게음식점	엠엠티에이치051(MMTH051)	서울특별시 영등포구 여의도동  44번지 26호  중앙빌딩1층 111호		126.9290434	37.5206144	다방	9
10	휴게음식점	카페오오디	서울특별시 영등포구 여의도동  44번지 26호  중앙빌딩1층 111호		126.9290434	37.5206144	다방	10
11	휴게음식점	카페오오디	서울특별시 영등포구 여의도동  44번지 26호  중앙빌딩1층 111호		126.9290434	37.5206144	다방	11
12	휴게음식점	리틀제이콥스	서울특별시 영등포구 여의도동  13번지 21호  맨하탄21리빙텔1층3-2		126.9215316	37.5295383	다방	12
13	휴게음식점	이디아에스프레소	서울특별시 영등포구 여의도동  45번지 20호		126.9289194	37.5196329	기타 휴게음식점	13
14	휴게음식점	델타	서울특별시 영등포구 여의도동  18번지 3호  한국보이스카우트연맹회관		126.9164767	37.5266497	기타 휴게음식점	14
15	휴게음식점	이디야라이프점	서울특별시 영등포구 여의도동  61번지 3호 지하1층 44호 라이프오피스텔		126.9391694	37.5195583	커피숍	15
16	휴게음식점	하겐다즈여의도점	서울특별시 영등포구 여의도동  37번지  아일렉스 상가1층 110호		126.9240116	37.5210236	기타 휴게음식점	16
17	휴게음식점	하겐다즈여의도점	서울특별시 영등포구 여의도동  37번지  아일렉스 상가1층 110호		126.9240116	37.5210236	기타 휴게음식점	17
18	휴게음식점	스카우트휴계실	서울특별시 영등포구 여의도동  18번지 3호		126.9164635	37.5266636	기타 휴게음식점	18
19	휴게음식점	엑소세	서울특별시 영등포구 여의도동  36번지 2호  여의도백화점 지상1층122호(일부)		126.9268688	37.5206978	커피숍	19
20	휴게음식점	스타벅스 롯데캐슬 여의도점	서울특별시 영등포구 여의도동  36번지  롯데캐슬 앰파이어 1층 104호	(주)스타벅스커피코리아	126.9263648	37.5202062	커피숍	20
21	휴게음식점	스타벅스 롯데캐슬 여의도점	서울특별시 영등포구 여의도동  36번지  롯데캐슬 앰파이어 1층 104호	(주)스타벅스커피코리아	126.9263648	37.5202062	커피숍	21
22	휴게음식점	(주)커피앤샌드베리	서울특별시 영등포구 여의도동  23번지 3호  하나증권빌딩1층	(주)커피앤샌드베리	126.923784	37.523594	기타 휴게음식점	22
23	휴게음식점	탐앤탐스국회의사당역점	서울특별시 영등포구 여의도동  17번지 7호  아시아원빌딩 1층		126.9175599	37.5271774	기타 휴게음식점	23
24	휴게음식점	커피빈코리아 여의도 34번지점	서울특별시 영등포구 여의도동  34번지 1호  SIMPAC 빌딩 1층 (구MBC 경영센터)	주)커피빈코리아	126.9295866	37.5226782	커피숍	24
25	휴게음식점	Ben&Jervy's	서울특별시 영등포구 여의도동  60번지  대한생명63  지하1층		126.9398326	37.5194647	기타 휴게음식점	25
26	휴게음식점	서울커피	서울특별시 영등포구 여의도동  43번지 4호  롯데캐슬아이비 101호		126.9318875	37.5200722	커피숍	26
27	휴게음식점	이디야	서울특별시 영등포구 여의도동  14번지 21호  엘지에클라트 101호		126.9191214	37.52964470000001	다방	27
28	휴게음식점	떼루와(여의도1호점)	서울특별시 영등포구 여의도동  13번지 21호  맨하탄21리빙텔109호		126.9215316	37.5295383	커피숍	28
29	휴게음식점	(주)커피빈코리아여의도교보증권점	서울특별시 영등포구 여의도동  26번지 4호  교보증권빌딩내 1층	(주)커피빈코리아	126.9245871	37.5224837	다방	29
30	휴게음식점	구스토(GUSTO)	서울특별시 영등포구 여의도동  28번지 2호  KT빌딩 1층		126.9191154	37.5215948	커피숍	30
31	휴게음식점	할리스KBS점	서울특별시 영등포구 여의도동  17번지  아일랜드파크 102-116117118호		126.9186176	37.5256409	커피숍	31
32	휴게음식점	할리스KBS점	서울특별시 영등포구 여의도동  17번지  아일랜드파크 102-116117118호		126.9186176	37.5256409	커피숍	32
33	휴게음식점	(주)후니드태영건설티(T)카페여의도점	서울특별시 영등포구 여의도동  10번지 2호  태영빌딩 지층	주식회사후니드	126.9257812	37.5297606	커피숍	33
34	휴게음식점	생과일주스	서울특별시 영등포구 여의도동  60번지  지하1층		126.9398326	37.5194647	기타 휴게음식점	34
35	휴게음식점	삼백커피	서울특별시 영등포구 여의도동  34번지 2호  부국증권빌딩 지하1층16호		126.928059	37.5217894	커피숍	35
36	휴게음식점	마랭고	서울특별시 영등포구 여의도동  24번지 5호  한마루빌딩 102호		126.9277194	37.5242813	커피숍	36
37	휴게음식점	와인세상	서울특별시 영등포구 여의도동  35번지 5호  종합상가 107호	(주)와인세상	126.9248093	37.5215394	기타 휴게음식점	37
38	휴게음식점	(주)아워홈 국민은행본점	서울특별시 영등포구 여의도동  36번지 3호  국민은행 여의도본점 6층	(주)아워홈	126.9277466	37.5210131	커피숍	38
39	휴게음식점	(주)아워홈 국민은행본점	서울특별시 영등포구 여의도동  36번지 3호  국민은행 여의도본점 6층	(주)아워홈	126.9277466	37.5210131	커피숍	39
40	휴게음식점	(주)커피빈코리아 여의도순복음교회옆점	서울특별시 영등포구 여의도동  11번지 11호  한서리버파크 205호	(주)커피빈코리아	126.9248115	37.5305378	커피숍	40
41	휴게음식점	가베나루	서울특별시 영등포구 여의도동  61번지 3호  라이프오피스텔 지하1층 36호		126.9264939	37.52351240000001	커피숍	41
42	휴게음식점	가베나루	서울특별시 영등포구 여의도동  61번지 3호  라이프오피스텔 지하1층 36호		126.9264939	37.52351240000001	커피숍	42
43	휴게음식점	룰스타운여의도점	서울특별시 영등포구 여의도동  35번지 2호  백상빌딩 107호		126.9265314	37.521706	다방	43
44	휴게음식점	직장인다방	서울특별시 영등포구 여의도동  35번지 2호  백상빌딩 107호		126.9265314	37.521706	다방	44
45	휴게음식점	조이스토리	서울특별시 영등포구 여의도동  53번지 11호  1층 109호		126.9327683	37.5193677	커피숍	45
46	휴게음식점	불커피 BULL COFFEE(여의도점)	서울특별시 영등포구 여의도동  34번지 6호  한국예탁결제원 1층	한국예탁결제원 신용협동조합	126.9285806	37.5214103	커피숍	46
47	휴게음식점	불커피 BULL COFFEE(여의도점)	서울특별시 영등포구 여의도동  34번지 6호  한국예탁결제원 1층	한국예탁결제원 신용협동조합	126.9285806	37.5214103	커피숍	47
48	휴게음식점	유오디아(Euodia)	서울특별시 영등포구 여의도동  21번지 4호  109호		126.9307571	37.52601629999999	커피숍	48
49	휴게음식점	수프앤베이글	서울특별시 영등포구 여의도동  56번지  (지하철9호선 샛강역 지하2층 출구옆)		126.9288901	37.5167428	커피숍	49
50	휴게음식점	커피퀘스트(COFFEE QUEST)	서울특별시 영등포구 여의도동  33번지  한국거래소 별관 지하1층		126.9279862	37.52278889999999	커피숍	50
51	휴게음식점	인하스빈스(Inha`s Beans)	서울특별시 영등포구 여의도동  36번지 2호  맨하탄 빌딩 B1 44호		126.926893	37.5207606	커피숍	51
52	휴게음식점	인하스빈스(Inha`s Beans)	서울특별시 영등포구 여의도동  36번지 2호  맨하탄 빌딩 B1 44호		126.926893	37.5207606	커피숍	52
53	휴게음식점	지유명차	서울특별시 영등포구 여의도동  43번지 3호  홍우빌딩 4층 401호		126.9304477	37.5210395	다방	53
54	휴게음식점	토브서브	서울특별시 영등포구 여의도동  37번지  아일렉스상가 1층 111호		126.9240116	37.5210236	커피숍	54
55	휴게음식점	토브서브	서울특별시 영등포구 여의도동  37번지  아일렉스상가 1층 111호		126.9240116	37.5210236	커피숍	55
56	휴게음식점	Zoo	서울특별시 영등포구 여의도동  26번지  S-Trenue 108호		126.9242728	37.52290560000001	커피숍	56
57	휴게음식점	Zoo	서울특별시 영등포구 여의도동  26번지  S-Trenue 108호		126.9242728	37.52290560000001	커피숍	57
58	휴게음식점	주(Zoo)	서울특별시 영등포구 여의도동  26번지  S-Trenue 108호		126.9242728	37.52290560000001	커피숍	58
59	휴게음식점	주(Zoo)	서울특별시 영등포구 여의도동  26번지  S-Trenue 108호		126.9242728	37.52290560000001	커피숍	59
60	휴게음식점	커피프린스	서울특별시 영등포구 여의도동  31번지  문화방송 방송센터 3층		126.9300553	37.5238988	커피숍	60
61	휴게음식점	엘가(Lga)	서울특별시 영등포구 여의도동  43번지 1호  유성빌딩 지상1층  112호		126.9303088	37.5213173	커피숍	61
62	휴게음식점	(주)글로리아진스커피코리아	서울특별시 영등포구 여의도동  23번지 2호  (지상1층)	(주)글로리아진스커피코리아	126.9252845	37.5249367	커피숍	62
63	휴게음식점	더디퍼커피(The dipper coffee)	서울특별시 영등포구 여의도동  55번지 1호  대우트럼프월드 비동 101호중 일부		126.9322532	37.5175955	커피숍	63
64	휴게음식점	스타벅스커피 여의도 의사당점	서울특별시 영등포구 여의도동  13번지 19호  남중빌딩 지상1층	(주)스타벅스코리아	126.9210728	37.530892	커피숍	64
65	휴게음식점	스타벅스커피 여의도 의사당점	서울특별시 영등포구 여의도동  13번지 19호  남중빌딩 지상1층	(주)스타벅스커피코리아	126.9210728	37.530892	커피숍	65
66	휴게음식점	커피소녀	서울특별시 영등포구 여의도동  17번지 103 -101		126.9186176	37.5256409	커피숍	66
67	휴게음식점	커피소녀	서울특별시 영등포구 여의도동  17번지 103 -101		126.9186176	37.5256409	커피숍	67
68	휴게음식점	커피애플블러썸	서울특별시 영등포구 여의도동  24번지 1호  율촌빌딩 지하1층		126.9273953	37.5247894	커피숍	68
69	휴게음식점	티타임헬씨	서울특별시 영등포구 여의도동  18번지  한국방송공사 신관 지상2층	(주)티타임헬씨	126.916774	37.5245956	커피숍	69
70	휴게음식점	빈스투고	서울특별시 영등포구 여의도동  28번지 3호  여의도파크센타 지하1층 B111B호		126.9186433	37.5209282	커피숍	70
71	휴게음식점	빈스투고	서울특별시 영등포구 여의도동  28번지 3호  여의도파크센타 지하1층 B111B호		126.9186433	37.5209282	커피숍	71
72	휴게음식점	빈스투고	서울특별시 영등포구 여의도동  28번지 3호  여의도파크센타 지하1층 B111B호		126.9186433	37.5209282	커피숍	72
73	휴게음식점	빈스투고	서울특별시 영등포구 여의도동  28번지 3호  여의도파크센타 지하1층 B111B호		126.9186433	37.5209282	커피숍	73
74	휴게음식점	스타벅스커피 여의도호성	서울특별시 영등포구 여의도동  44번지 22호  호성빌딩지상1층	(주)스타벅스커피코리아	126.92917	37.5202896	커피숍	74
75	휴게음식점	스타벅스커피 여의도호성	서울특별시 영등포구 여의도동  44번지 22호  호성빌딩지상1층	(주)스타벅스커피코리아	126.92917	37.5202896	커피숍	75
76	휴게음식점	COFFEE(커피)	서울특별시 영등포구 여의도동  50번지  시범아파트234동 지상1층118호		126.9370305	37.5207424	커피숍	76
77	휴게음식점	던킨도넛(트윈타워점)	서울특별시 영등포구 여의도동  20번지  지하1층		126.9292856	37.5279663	커피숍	77
78	휴게음식점	(주)커피빈코리아 여의도역점	서울특별시 영등포구 여의도동  37번지  아일렉스상가 지상1층-101	(주)커피빈코리아	126.9240116	37.5210236	커피숍	78
79	휴게음식점	투썸플레이스 KBS별관점	서울특별시 영등포구 여의도동  44번지 5호  지상1층(일부)	(주)오우젠	126.9296466	37.5209893	커피숍	79
80	휴게음식점	나이스인프라주식회사	서울특별시 영등포구 여의도동  14번지 33호  나이스1사옥 1층	나이스인프라주식회사	126.9039455	37.5187568	커피숍	80
81	휴게음식점	나이스인프라주식회사	서울특별시 영등포구 여의도동  13번지 13호  크레딧플라자 지상1층	나이스인프라주식회사	126.9210728	37.530892	커피숍	81
82	휴게음식점	커피코트동여의도점	서울특별시 영등포구 여의도동  44번지 2호  외1필지 태양빌딩 지상1층105호(전체)		126.9296466	37.5209893	커피숍	82
83	휴게음식점	골드커피팟(여의도점)	서울특별시 영등포구 여의도동  13번지 25호  정우빌딩 지하1층-10		126.921865	37.5290106	커피숍	83
84	휴게음식점	저스트	서울특별시 영등포구 여의도동  43번지  미원빌딩 지상1층119호(전체)		126.9305439	37.521552	기타 휴게음식점	84
85	휴게음식점	토노커피(tono coffee)	서울특별시 영등포구 여의도동  61번지 3호  라이프오피스텔 지하262728호		126.9391694	37.5195583	커피숍	85
86	휴게음식점	카페보스코	서울특별시 영등포구 여의도동  61번지 3호  라이프오피스텔 지하262728호		126.9391694	37.5195583	커피숍	86
87	휴게음식점	티아트(TEAART)	서울특별시 영등포구 여의도동  36번지 2호  지상1층 133호(일부)		126.9263986	37.5201371	커피숍	87
88	휴게음식점	(주)커피빈코리아 현대자동차여의도점	서울특별시 영등포구 여의도동  24번지 1호  지상1층	(주)커피빈코리아	126.9268244	37.5246084	커피숍	88
89	휴게음식점	주빈커피마에스더	서울특별시 영등포구 여의도동  36번지  롯데캐슬엠파이어상가 지상1층1-119호(전체)		126.9263648	37.5202062	커피숍	89
90	휴게음식점	티타임헬씨	서울특별시 영등포구 여의도동  46번지  KBS별관 지상1층(일부)	(주)티타임헬씨	126.9296448	37.5185147	커피숍	90
91	휴게음식점	티타임헬씨	서울특별시 영등포구 여의도동  18번지  KBS본관 지상2층(일부)	(주)티타임헬씨	126.9164588	37.5255823	커피숍	91
92	휴게음식점	파스쿠찌서여의도점	서울특별시 영등포구 여의도동  13번지		126.9210728	37.530892	커피숍	92
93	휴게음식점	파스쿠찌서여의도점	서울특별시 영등포구 여의도동  13번지		126.9210728	37.530892	커피숍	93
94	휴게음식점	빈스앤베리즈한화증권점	서울특별시 영등포구 여의도동  23번지 5호  27층 (일부)	(주)한화비앤비	126.9252845	37.5249367	커피숍	94
95	휴게음식점	빈스앤베리즈한화증권점	서울특별시 영등포구 여의도동  23번지 5호  27층 (일부)		126.9252845	37.5249367	커피숍	95
96	휴게음식점	(주)동원홈푸드금융투자교육원점	서울특별시 영등포구 여의도동  25번지 2호  1층	(주)동원홈푸드	126.9260031	37.5231845	커피숍	96
97	휴게음식점	(주)동원홈푸드금융투자교육원점	서울특별시 영등포구 여의도동  45번지 2호  1층(일부)	(주)동원홈푸드	126.9274176	37.5193625	커피숍	97
98	휴게음식점	물덴동산	서울특별시 영등포구 여의도동  41번지 2호 B 대교상가-124		126.934114	37.5220672	커피숍	98
99	휴게음식점	쥬씨 여의도시범단지점	서울특별시 영등포구 여의도동  50번지 7 -15		126.9370305	37.5207424	커피숍	99
100	휴게음식점	쥬씨차얌여의도시범단지점	서울특별시 영등포구 여의도동  50번지 7 -15		126.9370305	37.5207424	커피숍	100
101	휴게음식점	다정다감	서울특별시 영등포구 여의도동  26번지 4호		126.9245731	37.5224767	커피숍	101
102	휴게음식점	다정다감	서울특별시 영등포구 여의도동  26번지 4호		126.9245731	37.5224767	커피숍	102
103	휴게음식점	이디야커피여의도농협재단빌딩점	서울특별시 영등포구 여의도동  34번지 7호  농협재단빌딩 중1층		126.930031	37.5219838	커피숍	103
104	휴게음식점	이디야커피여의도농협재단빌딩점	서울특별시 영등포구 여의도동  34번지 7호  농협재단빌딩 중1층		126.930031	37.5219838	커피숍	104
105	휴게음식점	나이스인프라주식회사	서울특별시 영등포구 여의도동  15번지 28호  1층	나이스인프라주식회사	126.918717	37.52949100000001	커피숍	105
106	휴게음식점	파스쿠찌여의도영풍문고IFC점	서울특별시 영등포구 여의도동  23번지  영풍문고내지하 215호일부		126.9258273	37.5259791	커피숍	106
107	휴게음식점	투썸플레이스여의도씨지브이	서울특별시 영등포구 여의도동  23번지 1호  국제금융센터 B3F	씨제이씨지브이 주식회사	126.9261671	37.5254728	커피숍	107
108	휴게음식점	투썸플레이스여의도씨지브이	서울특별시 영등포구 여의도동  23번지 1호  국제금융센터 B3F	씨제이씨지브이(주)	126.9261671	37.5254728	커피숍	108
109	휴게음식점	씨제이제일제당올리브마켓	서울특별시 영등포구 여의도동  23번지  IFC몰 B3층 309호일부	씨제이 제일제당 주식회사	126.9252845	37.5249367	기타 휴게음식점	109
110	휴게음식점	씨제이제일제당올리브마켓	서울특별시 영등포구 여의도동  23번지  IFC몰 B3층 309호일부	씨제이제일제당(주)	126.9252845	37.5249367	기타 휴게음식점	110
111	휴게음식점	씨제이더마켓	서울특별시 영등포구 여의도동  23번지  IFC몰 B3층 309호일부	씨제이 제일제당 주식회사	126.9252845	37.5249367	기타 휴게음식점	111
112	휴게음식점	씨제이더마켓	서울특별시 영등포구 여의도동  23번지  IFC몰 B3층 309호일부	씨제이제일제당(주)	126.9252845	37.5249367	기타 휴게음식점	112
113	휴게음식점	스무디킹여의도IFC몰점	서울특별시 영등포구 여의도동  23번지  IFC몰 지하1층 151호	스무디킹코리아(주)	126.9252845	37.5249367	커피숍	113
114	휴게음식점	스무디킹여의도IFC몰점	서울특별시 영등포구 여의도동  23번지  IFC몰 지하1층 151호	스무디킹코리아(주)	126.9252845	37.5249367	커피숍	114
115	휴게음식점	(주)커피빈코리아 IFC MALL 2호점	서울특별시 영등포구 여의도동  23번지  IFC몰 지하2층-259	(주)커피빈코리아	126.9252845	37.5249367	커피숍	115
116	휴게음식점	쿰파(KUMFA)공익카페파구스케이비(KB)엔젤맘	서울특별시 영등포구 여의도동  10번지  세우빌딩 지하1층일부	한국미혼모가족협회	126.9262812	37.5300106	커피숍	116
117	휴게음식점	주스솔루션여의도IFC몰점	서울특별시 영등포구 여의도동  23번지  아이에프씨몰 지하3층	씨제이푸드빌주식회사	126.9252845	37.5249367	커피숍	117
118	휴게음식점	주스솔루션여의도IFC몰점	서울특별시 영등포구 여의도동  23번지  아이에프씨몰 지하3층	씨제이푸드빌주식회사	126.9252845	37.5249367	커피숍	118
119	휴게음식점	(주)앤해피여의도점	서울특별시 영등포구 여의도동  46번지  KBS별관 로비	(주)글러브엔터테인먼트	126.9296448	37.5185147	커피숍	119
120	휴게음식점	카페말로여의3호점	서울특별시 영등포구 여의도동  34번지  1층일부	주식회사 아이씨엔풀서비스	126.928844	37.5221362	커피숍	120
121	휴게음식점	스타벅스커피여의도IFC	서울특별시 영등포구 여의도동  23번지  투 아이에프씨동 1층-101	주식회사 스타벅스커피코리아	126.9252845	37.5249367	커피숍	121
122	휴게음식점	스타벅스커피여의도IFC	서울특별시 영등포구 여의도동  23번지  투 아이에프씨동 1층-101	(주)스타벅스커피코리아	126.9252845	37.5249367	커피숍	122
123	휴게음식점	지니커피(Geni coffee)	서울특별시 영등포구 여의도동  36번지  롯데캐슬엠파이어 상가 B-017 호 일부		126.9263648	37.5202062	커피숍	123
124	휴게음식점	씨앤아이(C&I)	서울특별시 영등포구 여의도동  44번지 12호  고려빌딩-105		126.9311143	37.5195119	커피숍	124
125	휴게음식점	카페콩냥(CAFE콩냥)	서울특별시 영등포구 여의도동  30번지 3호  여의도쇼핑센터 상가호 1층		126.9326803	37.52958080000001	커피숍	125
126	휴게음식점	카페콩냥(CAFE콩냥)	서울특별시 영등포구 여의도동  30번지 3호  여의도쇼핑센터 상가호 1층		126.9326803	37.52958080000001	커피숍	126
127	휴게음식점	클라우드카페CLOUD CAFE	서울특별시 영등포구 여의도동  45번지 1호  SK증권빌딩 14층	주식회사 애니원에프앤씨	126.9279114	37.5198765	커피숍	127
128	휴게음식점	카페파스쿠치	서울특별시 영등포구 여의도동  14번지 15호  안원빌딩 1층	주식회사 인클러썸	126.9213928	37.5285662	커피숍	128
129	휴게음식점	투썸플레이스	서울특별시 영등포구 여의도동  24번지  한주빌딩 1층 북동측 일부		126.9268368	37.5246223	커피숍	129
130	휴게음식점	티타임	서울특별시 영등포구 여의도동  18번지  KBS신관 1층일부	주식회사 엘에스씨푸드	126.9164678	37.52561430000001	커피숍	130
131	휴게음식점	카페제이비블루(Cafe JB blue)	서울특별시 영등포구 여의도동  24번지 4호  JB우리캐피탈빌딩 1층	제이비식품(주)	126.9273718	37.5240619	커피숍	131
132	휴게음식점	카페제이비블루(Cafe JB blue)	서울특별시 영등포구 여의도동  24번지 4호  JB우리캐피탈빌딩 1층	제이비식품(주)	126.9273718	37.5240619	커피숍	132
133	휴게음식점	카페제이비블루(Cafe JB blue)	서울특별시 영등포구 여의도동  24번지 4호  JB우리캐피탈빌딩 1층	제이비식품 (주)	126.9273718	37.5240619	커피숍	133
134	휴게음식점	카페제이비블루(Cafe JB blue)	서울특별시 영등포구 여의도동  24번지 4호  JB우리캐피탈빌딩 1층	제이비식품 (주)	126.9273718	37.5240619	커피숍	134
135	휴게음식점	그릴드치즈	서울특별시 영등포구 여의도동  53번지 2호  행진빌딩 별관2층 202호		126.9329599	37.5189405	커피숍	135
136	휴게음식점	라피에르(LAPIERRE)	서울특별시 영등포구 여의도동  1번지  국회후생관 앞		126.9140773	37.5292621	커피숍	136
137	휴게음식점	보이누리(대주)	서울특별시 영등포구 여의도동  35번지 2호  백상빌딩 405호 일부		126.9265314	37.521706	기타 휴게음식점	137
138	휴게음식점	카페그랑NH투자증권점	서울특별시 영등포구 여의도동  23번지 4호  우리투자증권 지하1층(일부)	(주)아워홈	126.9252845	37.5249367	커피숍	138
139	휴게음식점	카페그랑NH투자증권점	서울특별시 영등포구 여의도동  23번지 4호  우리투자증권 지하1층(일부)	(주)아워홈	126.9252845	37.5249367	커피숍	139
140	휴게음식점	원더함박	서울특별시 영등포구 여의도동  61번지 3호  라이프오피스텔 지하1층 42호43호		126.9264939	37.52351240000001	커피숍	140
141	휴게음식점	카페자스(여의도점)	서울특별시 영등포구 여의도동  35번지  지상1층 일부		126.9269466	37.521919	커피숍	141
142	휴게음식점	(주)보나비아티제여의도KBS별관점	서울특별시 영등포구 여의도동  44번지 11호  KBS별관 1층 일부	주식회사 보나비	126.9296466	37.5209893	커피숍	142
143	휴게음식점	(주)보나비아티제여의도KBS별관점	서울특별시 영등포구 여의도동  44번지 11호  KBS별관 1층 일부	(주)보나비	126.9296466	37.5209893	커피숍	143
144	휴게음식점	더커피빈카페엔샌드위치(The coffeebean cafe&sandwich)	서울특별시 영등포구 여의도동  26번지 4호  교보증권빌딩 2층 일부	주식회사 커피빈코리아	126.9245871	37.5224837	커피숍	144
145	휴게음식점	스테프핫도그전경련회관점	서울특별시 영등포구 여의도동  28번지 1호  전경련회관 타워동 지하1층 비113호		126.9201153	37.522317	커피숍	145
146	휴게음식점	스테프핫도그전경련회관점	서울특별시 영등포구 여의도동  28번지 1호  전경련회관 타워동 지하1층 비113호	(주)스테프코리아	126.9201153	37.522317	커피숍	146
147	휴게음식점	스타벅스커피여의도일신점	서울특별시 영등포구 여의도동  15번지 15호  1층 일부	(주)스타벅스코리아	126.9181255	37.5290873	커피숍	147
148	휴게음식점	스타벅스커피여의도일신점	서울특별시 영등포구 여의도동  15번지 15호  1층 일부	(주)스타벅스커피코리아	126.9181255	37.5290873	커피숍	148
149	휴게음식점	더커피빈앤티리프	서울특별시 영등포구 여의도동  13번지 4호  동우빌딩 1층 일부	(주)커피빈코리아	126.921976	37.5298161	커피숍	149
150	휴게음식점	두다트전경련점	서울특별시 영등포구 여의도동  28번지 1호  전경련신축회관 B101호		126.9201153	37.522317	커피숍	150
151	휴게음식점	스타벅스커피여의도한양증권점	서울특별시 영등포구 여의도동  34번지 11호  한양증권 1층	주식회사 스타벅스커피코리아	126.9290867	37.5223727	커피숍	151
152	휴게음식점	스타벅스커피여의도한양증권점	서울특별시 영등포구 여의도동  34번지 11호  한양증권 1층	(주)스타벅스커피코리아	126.9290867	37.5223727	커피숍	152
153	휴게음식점	모노치즈	서울특별시 영등포구 여의도동  13번지 25호  정우빌딩 지상1층 120호		126.921865	37.5290106	커피숍	153
154	휴게음식점	모노레일커피여의도한화증권점	서울특별시 영등포구 여의도동  23번지 5호  한화증권 지하1층 B102호	주식회사 제이지이커피컴퍼니	126.9228726	37.5239641	커피숍	154
155	휴게음식점	공차 여의도역점	서울특별시 영등포구 여의도동  3번지  지하1층	(주)공차코리아	126.92577	37.5218847	커피숍	155
156	휴게음식점	여의디지털도서관	서울특별시 영등포구 여의도동  28번지 1호  전경련회관 주민복리시설동 지상1층	재단법인 영등포문화재단	126.9201153	37.522317	커피숍	156
157	휴게음식점	여의디지털도서관	서울특별시 영등포구 여의도동  28번지 1호  전경련회관 주민복리시설동 지상1층	재단법인영등포문화재단	126.9201153	37.522317	커피숍	157
158	휴게음식점	쥬씨(JUICY)	서울특별시 영등포구 여의도동  43번지 1호  유성상가 111호(지상1층)		126.9302272	37.5213676	커피숍	158
159	휴게음식점	씨티커피	서울특별시 영등포구 여의도동  44번지 23호  지상1층122호		126.9296466	37.5209893	커피숍	159
160	휴게음식점	씨티커피	서울특별시 영등포구 여의도동  44번지 23호  지상1층122호		126.9296466	37.5209893	커피숍	160
161	휴게음식점	커피사이언스	서울특별시 영등포구 여의도동  44번지 23호  지상1층122호		126.9296466	37.5209893	커피숍	161
162	휴게음식점	커피사이언스	서울특별시 영등포구 여의도동  44번지 23호  지상1층122호		126.9296466	37.5209893	커피숍	162
163	휴게음식점	커피사이언스(송주빈커피)	서울특별시 영등포구 여의도동  44번지 23호  지상1층122호		126.9296466	37.5209893	커피숍	163
164	휴게음식점	커피사이언스(송주빈커피)	서울특별시 영등포구 여의도동  44번지 23호  지상1층122호		126.9296466	37.5209893	커피숍	164
165	휴게음식점	캐슬힐	서울특별시 영등포구 여의도동  13번지 5호  오성빌딩 308호		126.922226	37.5299272	커피숍	165
166	휴게음식점	더카페엔여의도백화점점	서울특별시 영등포구 여의도동  36번지 2호  여의도백화점내 제지하1층 26호		126.9268688	37.5206978	커피숍	166
167	휴게음식점	러쉬(Rush)	서울특별시 영등포구 여의도동  37번지  아일렉스상가 1층 119호		126.9240116	37.5210236	커피숍	167
168	휴게음식점	봉구스밥버거여의도중앙점	서울특별시 영등포구 여의도동  41번지 1호  대교상가 에이동 118호		126.9330608	37.5232097	커피숍	168
169	휴게음식점	아마스빈여의도2호점	서울특별시 영등포구 여의도동  35번지 2호  백상빌딩 103호		126.9265314	37.521706	커피숍	169
170	휴게음식점	후르츠젤라떼리아63점	서울특별시 영등포구 여의도동  60번지  63한화생명빌딩 지하1층		126.9398326	37.5194647	기타 휴게음식점	170
171	휴게음식점	여의도KBS오가다	서울특별시 영등포구 여의도동  18번지  한국방송공사 본관 지상1층		126.916774	37.5245956	커피숍	171
172	휴게음식점	매스커피여의도점	서울특별시 영등포구 여의도동  44번지 21호  중앙빌딩 101호	매스컴퍼니 주식회사	126.930476	37.519151	커피숍	172
173	휴게음식점	퓨엘앳센티넬IFC(Fuel at sentinel IFC)	서울특별시 영등포구 여의도동  23번지  금융센터 ONE IFC동 3층	주식회사 또리미티드	126.9252845	37.5249367	커피숍	173
174	휴게음식점	커피기업	서울특별시 영등포구 여의도동  13번지 25호  정우빌딩 제1층 제113호		126.921865	37.5290106	커피숍	174
175	휴게음식점	스미스바니스페셜티커피	서울특별시 영등포구 여의도동  43번지 4호  롯데캐슬아이비 상가 지하층 B104호	펩코코리아 주식회사	126.9318875	37.5200722	커피숍	175
176	휴게음식점	커피디엔에이로스팅컴퍼니여의도점	서울특별시 영등포구 여의도동  45번지 5호  대우메종리브르오피스텔 105호 112호		126.9285663	37.5191693	커피숍	176
177	휴게음식점	더카페엔여의도백화점점	서울특별시 영등포구 여의도동  36번지 2호  여의도백화점 내 제지하1층 32-비호		126.9268688	37.5206978	커피숍	177
178	휴게음식점	커스텀	서울특별시 영등포구 여의도동  53번지 12호  1층 101호		126.933655	37.5182656	커피숍	178
179	휴게음식점	스타벅스커피여의도알리안츠점	서울특별시 영등포구 여의도동  45번지 21호  알리안츠타워 1층	주식회사 스타벅스커피코리아	126.9278117	37.5187813	커피숍	179
180	휴게음식점	스타벅스커피여의도알리안츠점	서울특별시 영등포구 여의도동  45번지 21호  알리안츠타워 1층	(주)스타벅스커피코리아	126.9278117	37.5187813	커피숍	180
181	휴게음식점	스타벅스커피여의도ABL타워점	서울특별시 영등포구 여의도동  45번지 21호  알리안츠타워 1층	주식회사 스타벅스커피코리아	126.9278117	37.5187813	커피숍	181
182	휴게음식점	스타벅스커피여의도ABL타워점	서울특별시 영등포구 여의도동  45번지 21호  알리안츠타워 1층	(주)스타벅스커피코리아	126.9278117	37.5187813	커피숍	182
183	휴게음식점	3 HUNDRED COFFEE	서울특별시 영등포구 여의도동  25번지 4호  신송빌딩 지하1층 102호		126.9265035	37.5234836	커피숍	183
184	휴게음식점	빽다방서여의도점	서울특별시 영등포구 여의도동  14번지 24호  삼보호정빌딩 1층		126.9196429	37.5291772	커피숍	184
185	휴게음식점	(주)이디야 한국수출입은행점	서울특별시 영등포구 여의도동  16번지 1호  1층	(주)이디야	126.9233935	37.52859309999999	커피숍	185
186	휴게음식점	삼백커피오륜점	서울특별시 영등포구 여의도동  36번지 4호  오륜빌딩 110~111호		126.9271425	37.5202062	커피숍	186
187	휴게음식점	스타벅스커피 동여의도점	서울특별시 영등포구 여의도동  43번지 4호  롯데캐슬아이비 1층 제122호	주식회사 스타벅스커피코리아	126.9318875	37.5200722	커피숍	187
188	휴게음식점	스타벅스커피 동여의도점	서울특별시 영등포구 여의도동  43번지 4호  롯데캐슬아이비 1층 제122호	(주)스타벅스커피코리아	126.9318875	37.5200722	커피숍	188
189	휴게음식점	콩자루	서울특별시 영등포구 여의도동  21번지 4호  공작상가 112호		126.9307571	37.52601629999999	커피숍	189
190	휴게음식점	리얼크레마	서울특별시 영등포구 여의도동  12번지 1호  1층-102		126.9248187	37.5299549	커피숍	190
191	휴게음식점	달큼한 하루	서울특별시 영등포구 여의도동  41번지 2호  대교 A상가-111		126.934298	37.5210196	기타 휴게음식점	191
192	휴게음식점	(주)커피빈코리아 여의도신영증권별관점	서울특별시 영등포구 여의도동  34번지 12호	주식회사 커피빈코리아	126.9296842	37.521769	커피숍	192
193	휴게음식점	까페부에노(Cafe Bueno)	서울특별시 영등포구 여의도동  50번지 2호  시범아파트 7동 1층 11호		126.9364093	37.519068	커피숍	193
194	휴게음식점	팩토리커피	서울특별시 영등포구 여의도동  17번지 7호  9층		126.9186176	37.5256409	커피숍	194
195	휴게음식점	팩토리커피	서울특별시 영등포구 여의도동  17번지 7호  9층		126.9186176	37.5256409	커피숍	195
196	휴게음식점	(주)보나비아티제여의도롯데캐슬점	서울특별시 영등포구 여의도동  36번지  1층	(주)보나비	126.9263986	37.5201371	커피숍	196
197	휴게음식점	(주)보나비아티제여의도롯데캐슬점	서울특별시 영등포구 여의도동  36번지  1층	(주)보나비	126.9263986	37.5201371	커피숍	197
198	휴게음식점	오가다여의도엘지트윈타워점	서울특별시 영등포구 여의도동  20번지  엘지트윈타워 지하1층		126.9292856	37.5279663	커피숍	198
199	휴게음식점	오가다여의도엘지트윈타워점	서울특별시 영등포구 여의도동  20번지  엘지트윈타워 지하1층		126.9292856	37.5279663	커피숍	199
200	휴게음식점	칼딘커피여의도점	서울특별시 영등포구 여의도동  2번지  1층	신도씨엔아이(주)	126.9223229	37.5268082	커피숍	200
201	휴게음식점	메리주스	서울특별시 영등포구 여의도동  61번지 3호  라이프오피스텔 지하상가 지하1층 20212425호		126.9264939	37.52351240000001	커피숍	201
202	휴게음식점	마키보이	서울특별시 영등포구 여의도동  44번지 14호  경도빌딩 1층-109		126.9314199	37.5193175	커피숍	202
203	휴게음식점	마이도시국민전산	서울특별시 영등포구 여의도동  15번지 22호  국민은행여의도전산센터 동관 1층	(주)이씨엠디	126.9277466	37.5210131	커피숍	203
204	휴게음식점	마이도시국민전산	서울특별시 영등포구 여의도동  15번지 22호  국민은행여의도전산센터 동관 1층	(주)풀무원푸드앤컬처	126.9277466	37.5210131	커피숍	204
205	휴게음식점	모뉴망켄싱턴호텔여의도점	서울특별시 영등포구 여의도동  13번지 3호  (주)이랜드파크 켄싱턴호텔 여의도 1층	(주)이랜드파크	126.921924	37.530201	기타 휴게음식점	205
206	휴게음식점	모뉴망켄싱턴호텔여의도점	서울특별시 영등포구 여의도동  13번지 3호  (주)이랜드파크 켄싱턴호텔 여의도 1층	(주)이랜드파크	126.921924	37.530201	기타 휴게음식점	206
207	휴게음식점	모뉴망켄싱턴호텔여의도점	서울특별시 영등포구 여의도동  13번지 3호  (주)이랜드파크 켄싱턴호텔 여의도 1층	(주)이랜드파크	126.921924	37.530201	기타 휴게음식점	207
208	휴게음식점	모뉴망켄싱턴호텔여의도점	서울특별시 영등포구 여의도동  13번지 3호  (주)이랜드파크 켄싱턴호텔 여의도 1층	(주)이랜드파크	126.921924	37.530201	기타 휴게음식점	208
209	휴게음식점	델리N카페	서울특별시 영등포구 여의도동  13번지 3호  (주)이랜드파크 켄싱턴호텔 여의도 1층	(주)이랜드파크	126.921924	37.530201	기타 휴게음식점	209
210	휴게음식점	델리N카페	서울특별시 영등포구 여의도동  13번지 3호  (주)이랜드파크 켄싱턴호텔 여의도 1층	(주)이랜드파크	126.921924	37.530201	기타 휴게음식점	210
211	휴게음식점	델리N카페	서울특별시 영등포구 여의도동  13번지 3호  (주)이랜드파크 켄싱턴호텔 여의도 1층	(주)이랜드파크	126.921924	37.530201	기타 휴게음식점	211
212	휴게음식점	델리N카페	서울특별시 영등포구 여의도동  13번지 3호  (주)이랜드파크 켄싱턴호텔 여의도 1층	(주)이랜드파크	126.921924	37.530201	기타 휴게음식점	212
213	휴게음식점	카페안젤로 여의도성모점	서울특별시 영등포구 여의도동  62번지	(주)미셸푸드	126.936089	37.5179713	커피숍	213
214	휴게음식점	카페안젤로 여의도성모점	서울특별시 영등포구 여의도동  62번지	(주)미셸푸드	126.936089	37.5179713	커피숍	214
215	휴게음식점	카페레브(CAFE REVE)	서울특별시 영등포구 여의도동  36번지 2호  맨하탄빌딩 1층-121		126.926893	37.5207606	커피숍	215
216	휴게음식점	올리버브라운(여의도점)	서울특별시 영등포구 여의도동  25번지 3호  동화빌딩-101	주식회사 올리버브라운코리아	126.9269202	37.5237336	커피숍	216
217	휴게음식점	마이도시카페	서울특별시 영등포구 여의도동  16번지 1호  8층	(주)이씨엠디	126.9233935	37.52859309999999	커피숍	217
218	휴게음식점	마이도시카페	서울특별시 영등포구 여의도동  16번지 1호  8층	(주)풀무원푸드앤컬처	126.9233935	37.52859309999999	커피숍	218
219	휴게음식점	군바리스타	서울특별시 영등포구 여의도동  44번지 12호  고려빌딩 1층 103호		126.9311143	37.5195119	커피숍	219
220	휴게음식점	커피블랙83도	서울특별시 영등포구 여의도동  44번지 12호  고려빌딩 1층 103호		126.9311143	37.5195119	커피숍	220
221	휴게음식점	그리다꿈(여의도이마트점)	서울특별시 영등포구 여의도동  47번지  자이아파트상가동 1층-102		126.9261297	37.5181371	커피숍	221
222	휴게음식점	그리다꿈(여의도이마트점)	서울특별시 영등포구 여의도동  47번지  자이아파트상가동 1층-102		126.9261297	37.5181371	커피숍	222
223	휴게음식점	허커피(HER COFFEE)	서울특별시 영등포구 여의도동  47번지  자이아파트상가동 1층-102		126.9261297	37.5181371	커피숍	223
224	휴게음식점	허커피(HER COFFEE)	서울특별시 영등포구 여의도동  47번지  자이아파트상가동 1층-102		126.9261297	37.5181371	커피숍	224
225	휴게음식점	젤라리소(Gelariso)여의도수정점	서울특별시 영등포구 여의도동  32번지 1호  수정상가 1층 107호		126.9311893	37.5225233	커피숍	225
226	휴게음식점	스타벅스(여의도역점)	서울특별시 영등포구 여의도동  23번지 6호  1층	(주)스타벅스커피코리아	126.9252845	37.5249367	커피숍	226
227	휴게음식점	스타벅스(여의도역점)	서울특별시 영등포구 여의도동  23번지 6호  1층	(주)스타벅스커피코리아	126.9252845	37.5249367	커피숍	227
228	휴게음식점	스타벅스여의도역R	서울특별시 영등포구 여의도동  23번지 6호  1층	(주)스타벅스커피코리아	126.9252845	37.5249367	커피숍	228
229	휴게음식점	스타벅스여의도역R	서울특별시 영등포구 여의도동  23번지 6호  1층	(주)스타벅스커피코리아	126.9252845	37.5249367	커피숍	229
230	휴게음식점	그레이에스프레소(GREY ESPRESSO)	서울특별시 영등포구 여의도동  44번지 35호  제일빌딩 1층-112		126.9309136	37.5190914	커피숍	230
231	휴게음식점	도노커피(국회의사당점)	서울특별시 영등포구 여의도동  1번지  1층	(주)도노	126.9201688	37.5300273	커피숍	231
232	휴게음식점	더주스박스(THE JUICE BOX)	서울특별시 영등포구 여의도동  13번지 25호  정우빌딩 1층-105		126.921865	37.5290106	커피숍	232
233	휴게음식점	카페몸(CAFE 몸)	서울특별시 영등포구 여의도동  13번지 25호  정우빌딩 1층-129		126.921865	37.5290106	커피숍	233
234	휴게음식점	카페몸(CAFE 몸)	서울특별시 영등포구 여의도동  13번지 25호  정우빌딩 1층-129		126.921865	37.5290106	커피숍	234
235	휴게음식점	카페코지(CAPHE COZY)	서울특별시 영등포구 여의도동  13번지 25호  정우빌딩 1층-129		126.921865	37.5290106	커피숍	235
236	휴게음식점	카페코지(CAPHE COZY)	서울특별시 영등포구 여의도동  13번지 25호  정우빌딩 1층-129		126.921865	37.5290106	커피숍	236
237	휴게음식점	빌리엔젤케이크(BILLY ANGEL CAKE COMPANY)IFC몰점	서울특별시 영등포구 여의도동  23번지  IFC몰동 지하2층		126.9252845	37.5249367	커피숍	237
238	휴게음식점	빌리엔젤케이크(BILLY ANGEL CAKE COMPANY)IFC몰점	서울특별시 영등포구 여의도동  23번지  IFC몰동 지하2층		126.9252845	37.5249367	커피숍	238
239	휴게음식점	나루213	서울특별시 영등포구 여의도동  21번지 3호  -103		126.9310419	37.5261946	커피숍	239
240	휴게음식점	몽슈크레(MON SUCRE)	서울특별시 영등포구 여의도동  21번지 4호  공작상가 2층206~207호		126.9307571	37.52601629999999	커피숍	240
241	휴게음식점	라운지리포즈(LOUNGE REPOSE)	서울특별시 영등포구 여의도동  25번지  10층		126.9260238	37.524028	커피숍	241
242	휴게음식점	영등포50플러스센터북카페서원	서울특별시 영등포구 여의도동  56번지 1호  4층		126.9304405	37.5176788	커피숍	242
243	휴게음식점	세븐일레븐 여의금강점	서울특별시 영등포구 여의도동  14번지 35호  금강빌딩 102호 일부	주식회사 코리아세븐	126.9206151	37.5285662	커피숍	243
244	휴게음식점	세븐일레븐 여의금강점	서울특별시 영등포구 여의도동  14번지 35호  금강빌딩 102호 일부	(주)코리아세븐	126.9206151	37.5285662	커피숍	244
245	휴게음식점	한강아라호	서울특별시 영등포구 여의도동  85번지 1호  서울항 임시선착장 1층	주식회사렛츠고코리아	126.9357965	37.5247878	커피숍	245
246	휴게음식점	여기는카페다	서울특별시 영등포구 여의도동  41번지 1호  대교상가A동 1층-115		126.9330608	37.5232097	커피숍	246
247	휴게음식점	여기는카페다	서울특별시 영등포구 여의도동  41번지 1호  대교상가A동 1층-115		126.9330608	37.5232097	커피숍	247
248	휴게음식점	9카페(9 CAFE)	서울특별시 영등포구 여의도동  13번지 22호  KCC파크타운 1층-108	(주)비비인터내셔널	126.9211706	37.529455	커피숍	248
249	휴게음식점	CAFE	서울특별시 영등포구 여의도동  60번지  한화금융센터63 지하2층	한화호텔앤드리조트(주)	126.9398326	37.5194647	커피숍	249
250	휴게음식점	이디야여의나루역점	서울특별시 영등포구 여의도동  21번지 4호  공작상가 2층 201220221호		126.9307571	37.52601629999999	커피숍	250
251	휴게음식점	애플블러썸여의도2호점	서울특별시 영등포구 여의도동  61번지 3호  라이프오피스텔 지하1층 16호 일부		126.9264939	37.52351240000001	커피숍	251
252	휴게음식점	백미당IFC몰점	서울특별시 영등포구 여의도동  23번지  지하1층-152	남양유업(주식회사)	126.9252845	37.5249367	커피숍	252
253	휴게음식점	백미당IFC몰점	서울특별시 영등포구 여의도동  23번지  지하1층-152	남양유업주식회사	126.9252845	37.5249367	커피숍	253
254	휴게음식점	백미당IFC몰점	서울특별시 영등포구 여의도동  23번지  지하1층-152	남양유업(주)	126.9252845	37.5249367	커피숍	254
255	휴게음식점	미르헨지	서울특별시 영등포구 여의도동  15번지 15호  1층	(주)미르헨지	126.9181255	37.5290873	커피숍	255
256	휴게음식점	티라레미수	서울특별시 영등포구 여의도동  17번지 3호  태흥빌딩 지하1층		126.9264939	37.52351240000001	커피숍	256
257	휴게음식점	스타벅스국회의사당역점	서울특별시 영등포구 여의도동  17번지 3호  태흥빌딩 1층	(주)스타벅스커피코리아	126.9168822	37.5278307	커피숍	257
258	휴게음식점	스타벅스국회의사당역점	서울특별시 영등포구 여의도동  17번지 3호  태흥빌딩 1층	(주)스타벅스커피코리아	126.9168822	37.5278307	커피숍	258
259	휴게음식점	데이비드쥬스여의도점(DAVID JUICE)	서울특별시 영등포구 여의도동  61번지  금호리첸시아 지하1층		126.939558	37.5184844	커피숍	259
260	휴게음식점	카페쥬빌리(CAFE JUBILEE)	서울특별시 영등포구 여의도동  23번지 10호  삼성생명보험주식회사 여의도빌딩 1층	주식회사제이에프앤비	126.92482	37.5242667	커피숍	260
261	휴게음식점	카페쥬빌리(CAFE JUBILEE)	서울특별시 영등포구 여의도동  23번지 10호  삼성생명보험주식회사 여의도빌딩 1층	주식회사디어푸드	126.92482	37.5242667	커피숍	261
262	휴게음식점	디어초콜릿	서울특별시 영등포구 여의도동  23번지 10호  삼성생명보험주식회사 여의도빌딩 1층	주식회사제이에프앤비	126.92482	37.5242667	커피숍	262
263	휴게음식점	디어초콜릿	서울특별시 영등포구 여의도동  23번지 10호  삼성생명보험주식회사 여의도빌딩 1층	주식회사디어푸드	126.92482	37.5242667	커피숍	263
264	휴게음식점	비아엠	서울특별시 영등포구 여의도동  61번지 5호  리버타워 3층 302호일부	고우온네트워크(주)	126.9385025	37.5194288	커피숍	264
265	휴게음식점	카페그랑KDB산업은행본점	서울특별시 영등포구 여의도동  16번지 3호	(주)아워홈	126.9208245	37.5270802	커피숍	265
266	휴게음식점	카페그랑KDB산업은행본점	서울특별시 영등포구 여의도동  16번지 3호	(주)아워홈	126.9208245	37.5270802	커피숍	266
267	휴게음식점	스타벅스여의도공원점	서울특별시 영등포구 여의도동  12번지  1층-102	(주)스타벅스커피코리아	126.9248721	37.5292309	커피숍	267
268	휴게음식점	스타벅스여의도공원점	서울특별시 영등포구 여의도동  12번지  1층-102	(주)스타벅스커피코리아	126.9248721	37.5292309	커피숍	268
269	휴게음식점	스타벅스여의도공원R	서울특별시 영등포구 여의도동  12번지  1층-102	(주)스타벅스커피코리아	126.9248721	37.5292309	커피숍	269
270	휴게음식점	스타벅스여의도공원R	서울특별시 영등포구 여의도동  12번지  1층-102	(주)스타벅스커피코리아	126.9248721	37.5292309	커피숍	270
271	휴게음식점	여의나루김밥	서울특별시 영등포구 여의도동  35번지 2호		126.9265914	37.5216833	기타 휴게음식점	271
272	휴게음식점	여의나루김밥	서울특별시 영등포구 여의도동  35번지 2호		126.9265914	37.5216833	기타 휴게음식점	272
273	휴게음식점	여의나루김밥	서울특별시 영등포구 여의도동  35번지 2호		126.9265914	37.5216833	기타 휴게음식점	273
274	휴게음식점	여의나루김밥	서울특별시 영등포구 여의도동  35번지 2호		126.9265914	37.5216833	기타 휴게음식점	274
275	휴게음식점	텐퍼센트스페셜티커피  여의도점	서울특별시 영등포구 여의도동  35번지 2호		126.9265914	37.5216833	기타 휴게음식점	275
276	휴게음식점	텐퍼센트스페셜티커피  여의도점	서울특별시 영등포구 여의도동  35번지 2호		126.9265914	37.5216833	기타 휴게음식점	276
277	휴게음식점	텐퍼센트스페셜티커피  여의도점	서울특별시 영등포구 여의도동  35번지 2호		126.9265914	37.5216833	기타 휴게음식점	277
278	휴게음식점	텐퍼센트스페셜티커피  여의도점	서울특별시 영등포구 여의도동  35번지 2호		126.9265914	37.5216833	기타 휴게음식점	278
279	휴게음식점	비라티오여의도점	서울특별시 영등포구 여의도동  13번지 25호  1층112호		126.9265551	37.52405359999999	커피숍	279
280	휴게음식점	비라티오여의도점	서울특별시 영등포구 여의도동  13번지 25호  1층112호		126.9265551	37.52405359999999	커피숍	280
281	휴게음식점	더플랩잭	서울특별시 영등포구 여의도동  13번지 25호  1층112호		126.9265551	37.52405359999999	커피숍	281
282	휴게음식점	더플랩잭	서울특별시 영등포구 여의도동  13번지 25호  1층112호		126.9265551	37.52405359999999	커피숍	282
283	휴게음식점	카페트리니티	서울특별시 영등포구 여의도동  13번지 1호	제라네이처(주)	126.9216785	37.5307075	커피숍	283
284	휴게음식점	킹조지(KING GEORGE)	서울특별시 영등포구 여의도동  44번지 35호  제일빌딩1층101호		126.930476	37.519151	커피숍	284
285	휴게음식점	101커피컨테이너여의도NH증권점	서울특별시 영등포구 여의도동  23번지 4호  1층		126.92482	37.5242667	커피숍	285
286	휴게음식점	카페오문	서울특별시 영등포구 여의도동  23번지 4호  1층		126.92482	37.5242667	커피숍	286
287	휴게음식점	(주)커피빈코리아여의도SK증권빌딩점	서울특별시 영등포구 여의도동  45번지 1호  K타워 1층 105106호	(주)커피빈코리아	126.9279038	37.5198562	커피숍	287
288	휴게음식점	매머드커피여의도S점(116호)	서울특별시 영등포구 여의도동  26번지  외1필지 에스트레뉴 1층 107호		126.9242423	37.5229194	커피숍	288
289	휴게음식점	더벤티서여의도점	서울특별시 영등포구 여의도동  13번지 25호  정우빌딩 1층 115호		126.921865	37.5290106	커피숍	289
290	휴게음식점	국회의원식당카페	서울특별시 영등포구 여의도동  1번지  본관3층	주식회사현대그린푸드	126.9252472	37.5249114	커피숍	290
291	휴게음식점	본관3식당카페	서울특별시 영등포구 여의도동  1번지  본관3층	주식회사현대그린푸드	126.9252472	37.5249114	커피숍	291
292	휴게음식점	365-T	서울특별시 영등포구 여의도동  13번지 25호  정우빌딩		126.921865	37.5290106	전통찻집	292
293	휴게음식점	365-T	서울특별시 영등포구 여의도동  1번지  국회의원회관 1층		126.9141254	37.5293541	전통찻집	293
294	휴게음식점	삼육오티(365T)	서울특별시 영등포구 여의도동  13번지 25호  정우빌딩		126.921865	37.5290106	전통찻집	294
295	휴게음식점	삼육오티(365T)	서울특별시 영등포구 여의도동  1번지  국회의원회관 1층		126.9141254	37.5293541	전통찻집	295
296	휴게음식점	카페진정성	서울특별시 영등포구 여의도동  45번지 1호  K-Tower 1층		126.9279785	37.5198802	커피숍	296
297	휴게음식점	스타벅스국회대로점	서울특별시 영등포구 여의도동  14번지  지상1층2층	(주)스타벅스커피코리아	126.9195488	37.53026	커피숍	297
298	휴게음식점	스타벅스국회대로점	서울특별시 영등포구 여의도동  14번지  지상1층2층	(주)스타벅스커피코리아	126.9195488	37.53026	커피숍	298
299	휴게음식점	백미당여의도SK증권빌딩점	서울특별시 영등포구 여의도동  45번지 1호  지상1층	남양유업주식회사	126.9274176	37.5193625	커피숍	299
300	휴게음식점	백미당여의도SK증권빌딩점	서울특별시 영등포구 여의도동  45번지 1호  지상1층	남양유업(주)	126.9274176	37.5193625	커피숍	300
301	휴게음식점	백미당여의도SK증권빌딩점	서울특별시 영등포구 여의도동  45번지 1호  지상1층	남양유업주식회사	126.9274176	37.5193625	커피숍	301
302	휴게음식점	라콤커피	서울특별시 영등포구 여의도동  61번지 4호  콤비빌딩 1층 122호		126.9390169	37.5189095	커피숍	302
303	휴게음식점	라콤커피	서울특별시 영등포구 여의도동  61번지 4호  콤비빌딩 1층 122호		126.9390169	37.5189095	커피숍	303
304	휴게음식점	그라놀로지 여의도IFC점	서울특별시 영등포구 여의도동  23번지  IFC몰 B1-153		126.9252845	37.5249367	커피숍	304
305	휴게음식점	홉슈크림	서울특별시 영등포구 여의도동  23번지  IFC몰 지하1층 149호	주식회사홉슈크림코리아	126.9252845	37.5249367	커피숍	305
306	휴게음식점	(주)허유산코리아IFC몰점	서울특별시 영등포구 여의도동  23번지  지하1층 147호	(주)허유산코리아	126.9252845	37.5249367	커피숍	306
307	휴게음식점	원빈	서울특별시 영등포구 여의도동  27번지  금융감독원빌딩 9층	금융감독원장학회	126.9213021	37.523034	커피숍	307
308	휴게음식점	원빈	서울특별시 영등포구 여의도동  27번지  금융감독원빌딩 9층	금융감독원생활협동조합	126.9213021	37.523034	커피숍	308
309	휴게음식점	원빈	서울특별시 영등포구 여의도동  27번지  금융감독원빌딩 9층	금융감독원생활협동조합	126.9213021	37.523034	커피숍	309
310	휴게음식점	이디야커피여의도역점	서울특별시 영등포구 여의도동  37번지  아일렉스상가 제지층 제비05호		126.9240116	37.5210236	커피숍	310
311	휴게음식점	디초콜릿커피&여의도IFC몰점	서울특별시 영등포구 여의도동  23번지  IFC몰 L1층	(주)할리스에프앤비	126.9252845	37.5249367	커피숍	311
312	휴게음식점	원빈	서울특별시 영등포구 여의도동  27번지  금융감독원빌딩 지하1층	금융감독원장학회	126.9213021	37.523034	커피숍	312
313	휴게음식점	원빈	서울특별시 영등포구 여의도동  27번지  금융감독원빌딩 지하1층	금융감독원생활협동조합	126.9213021	37.523034	커피숍	313
314	휴게음식점	원빈	서울특별시 영등포구 여의도동  27번지  금융감독원빌딩 지하1층	금융감독원생활협동조합	126.9213021	37.523034	커피숍	314
315	휴게음식점	벨라다봉(BELLA DABON)	서울특별시 영등포구 여의도동  36번지  롯데캐슬엠파이어		126.9263648	37.5202062	커피숍	315
316	휴게음식점	에스씨커피	서울특별시 영등포구 여의도동  36번지 2호  1층 24-34호		126.9263986	37.5201371	커피숍	316
317	휴게음식점	펄스에이트카페(PULSE8CAFE)	서울특별시 영등포구 여의도동  23번지  콘래드호텔 8층	에스아이에프씨호텔디벨로프먼트유한회사	126.9266384	37.5254382	커피숍	317
318	휴게음식점	매머드커피여의도증권가점	서울특별시 영등포구 여의도동  23번지 7호  유화증권빌딩 1층		126.923784	37.523594	커피숍	318
319	휴게음식점	ㅋㅋ분식	서울특별시 영등포구 여의도동  12번지 1호  삼도오피스텔 1층 101호		126.9248369	37.5298994	기타 휴게음식점	319
320	휴게음식점	자매김밥	서울특별시 영등포구 여의도동  61번지 3호  라이프오피스텔 지하1층 33호		126.9264939	37.52351240000001	기타 휴게음식점	320
321	휴게음식점	(주)커피빈코리아IFC MALL 3호점	서울특별시 영등포구 여의도동  23번지  IFC몰 지하2층 B285호	(주)커피빈코리아	126.9252845	37.5249367	커피숍	321
322	휴게음식점	데이즈커피	서울특별시 영등포구 여의도동  61번지 5호  리버타워 지하1층 B101호 일부		126.9385025	37.5194288	커피숍	322
323	휴게음식점	데이즈앤하하코	서울특별시 영등포구 여의도동  61번지 5호  리버타워 지하1층 B101호 일부		126.9385025	37.5194288	커피숍	323
324	휴게음식점	할리스커피여의도하나투자점	서울특별시 영등포구 여의도동  27번지 3호  하나금융투자빌딩 1층 2층 일부	(주)할리스에프앤비	126.9218374	37.5226225	커피숍	324
325	휴게음식점	와츠업PC방	서울특별시 영등포구 여의도동  53번지 1호  행진빌딩		126.9331975	37.5188732	커피숍	325
326	휴게음식점	담소	서울특별시 영등포구 여의도동  14번지 21호  엘지여의도에클라트 1층 104호		126.9191214	37.52964470000001	커피숍	326
327	휴게음식점	담소	서울특별시 영등포구 여의도동  14번지 21호  엘지여의도에클라트 1층 104호		126.9191214	37.52964470000001	커피숍	327
328	휴게음식점	커피코트 서여의도점	서울특별시 영등포구 여의도동  14번지 21호  엘지여의도에클라트 1층 104호		126.9191214	37.52964470000001	커피숍	328
329	휴게음식점	커피코트 서여의도점	서울특별시 영등포구 여의도동  14번지 21호  엘지여의도에클라트 1층 104호		126.9191214	37.52964470000001	커피숍	329
330	휴게음식점	커피코트국회의사당역점	서울특별시 영등포구 여의도동  14번지 21호  엘지여의도에클라트 1층 104호		126.9191214	37.52964470000001	커피숍	330
331	휴게음식점	커피코트국회의사당역점	서울특별시 영등포구 여의도동  14번지 21호  엘지여의도에클라트 1층 104호		126.9191214	37.52964470000001	커피숍	331
332	휴게음식점	스타벅스여의도화재보험	서울특별시 영등포구 여의도동  35번지 4호  한국화재보험협회 1층 일부	(주)스타벅스커피코리아	126.9260139	37.5213639	커피숍	332
333	휴게음식점	스타벅스여의도화재보험	서울특별시 영등포구 여의도동  35번지 4호  한국화재보험협회 1층 일부	(주)스타벅스커피코리아	126.9260139	37.5213639	커피숍	333
334	휴게음식점	스타벅스여의도KBS점	서울특별시 영등포구 여의도동  17번지 9호  더하우스소호 1층 109호(일부)~113호	(주)스타벅스커피코리아	126.9181878	37.5265758	커피숍	334
335	휴게음식점	스타벅스여의도KBS점	서울특별시 영등포구 여의도동  17번지 9호  더하우스소호 1층 109호(일부)~113호	(주)스타벅스커피코리아	126.9181878	37.5265758	커피숍	335
336	휴게음식점	스타벅스여의도KBSR점	서울특별시 영등포구 여의도동  17번지 9호  더하우스소호 1층 109호(일부)~113호	(주)스타벅스커피코리아	126.9181878	37.5265758	커피숍	336
337	휴게음식점	스타벅스여의도KBSR점	서울특별시 영등포구 여의도동  17번지 9호  더하우스소호 1층 109호(일부)~113호	(주)스타벅스커피코리아	126.9181878	37.5265758	커피숍	337
338	휴게음식점	카페그랑	서울특별시 영등포구 여의도동  27번지 3호  하나금융투자빌딩 23층 직원식당내	(주)아워홈	126.9218374	37.5226225	커피숍	338
339	휴게음식점	카페그랑	서울특별시 영등포구 여의도동  27번지 3호  하나금융투자빌딩 23층 직원식당내	(주)아워홈	126.9218374	37.5226225	커피숍	339
340	휴게음식점	바디프랜드파크여의도점	서울특별시 영등포구 여의도동  45번지 1호  SK증권빌딩 2층	(주)바디프랜드	126.9279114	37.5198765	커피숍	340
341	휴게음식점	캐리키즈카페IFC몰점	서울특별시 영등포구 여의도동  23번지  IFC몰 지하2층 L2 276호	(주)캐리소프트	126.9252845	37.5249367	기타 휴게음식점	341
342	휴게음식점	브루테크네	서울특별시 영등포구 여의도동  36번지 2호		126.926893	37.5207606	커피숍	342
343	휴게음식점	골드브라운	서울특별시 영등포구 여의도동  53번지 11호  상아빌딩 2층 203호		126.9338934	37.5183615	커피숍	343
344	휴게음식점	무인양품IFC몰점	서울특별시 영등포구 여의도동  23번지  IFC몰 L2 지하2층	무인양품(주)	126.9252845	37.5249367	커피숍	344
345	휴게음식점	스타벅스여의도IFC몰(L1)R	서울특별시 영등포구 여의도동  23번지  IFC몰 지하1층 178호	(주)스타벅스커피코리아	126.9252845	37.5249367	커피숍	345
346	휴게음식점	스타벅스여의도IFC몰(L1)R	서울특별시 영등포구 여의도동  23번지  IFC몰 지하1층 178호	(주)스타벅스커피코리아	126.9252845	37.5249367	커피숍	346
347	휴게음식점	단잠	서울특별시 영등포구 여의도동  44번지 24호  4층	제이에스제이서비스 주식회사	126.9296466	37.5209893	커피숍	347
348	휴게음식점	단잠	서울특별시 영등포구 여의도동  44번지 24호  4층	제이에스제이서비스주식회사	126.9296466	37.5209893	커피숍	348
349	휴게음식점	(주)보나비아티제여의도신영증권점	서울특별시 영등포구 여의도동  34번지 8호  신영증권본관빌딩 1층	(주)보나비	126.9289518	37.5213039	커피숍	349
350	휴게음식점	(주)보나비아티제여의도신영증권점	서울특별시 영등포구 여의도동  34번지 8호  신영증권본관빌딩 1층	(주)보나비	126.9289518	37.5213039	커피숍	350
351	휴게음식점	빽다방 KBS본관점	서울특별시 영등포구 여의도동  17번지 102 여의도더샵아일랜드파크-121		126.9186176	37.5256409	커피숍	351
352	휴게음식점	(주)보나비아티제여의도역점	서울특별시 영등포구 여의도동  35번지 3호  한국교직원공제회관 지하1층 B1-1 B1-2	(주)보나비	126.9258092	37.5219004	커피숍	352
353	휴게음식점	(주)보나비아티제여의도역점	서울특별시 영등포구 여의도동  35번지 3호  한국교직원공제회관 지하1층 B1-1 B1-2	(주)보나비	126.9258092	37.5219004	커피숍	353
354	휴게음식점	커피사피엔스(COFFEE SAPIENS)여의도롯데캐슬점	서울특별시 영등포구 여의도동  43번지 4호  롯데캐슬 아이비		126.9318875	37.5200722	커피숍	354
355	휴게음식점	피규어카페피카	서울특별시 영등포구 여의도동  18번지  한국방송공사 자료동 2층	(주)컨버전스테크날러지	126.9164678	37.52561430000001	커피숍	355
356	휴게음식점	클로리스	서울특별시 영등포구 여의도동  35번지 3호  한국교직원공제회관 지하1층 B1-14호	(주)클로리스	126.9258092	37.5219004	커피숍	356
357	휴게음식점	클로리스	서울특별시 영등포구 여의도동  35번지 3호  한국교직원공제회관 지하1층 B1-14호	(주)클로리스	126.9258092	37.5219004	커피숍	357
358	휴게음식점	마이쥬스여의도점	서울특별시 영등포구 여의도동  23번지 3호  KTB빌딩 본관(A동) 1층	(주)마이에프앤비	126.923643	37.524567	커피숍	358
359	휴게음식점	마이쥬스여의도점	서울특별시 영등포구 여의도동  23번지 3호  KTB빌딩 본관(A동) 1층		126.923643	37.524567	커피숍	359
360	휴게음식점	컴포즈커피여의도라이프점	서울특별시 영등포구 여의도동  61번지 3호  라이프오피스텔 지하1층 54호 55호		126.9264939	37.52351240000001	커피숍	360
361	휴게음식점	컴포즈커피여의도라이프점	서울특별시 영등포구 여의도동  61번지 3호  라이프오피스텔 지하1층 54호 55호		126.9264939	37.52351240000001	커피숍	361
362	휴게음식점	남대문커피	서울특별시 영등포구 여의도동  14번지 21호  엘지여의도에클라트		126.919241	37.529836	커피숍	362
363	휴게음식점	카페퀸즈아모르	서울특별시 영등포구 여의도동  45번지 2호  금투센터	한화호텔앤드리조트 주식회사	126.9274176	37.5193625	커피숍	363
364	휴게음식점	카페퀸즈아모르	서울특별시 영등포구 여의도동  45번지 2호  금투센터	푸디스트(주)	126.9274176	37.5193625	커피숍	364
365	휴게음식점	카페퀸즈아모르	서울특별시 영등포구 여의도동  45번지 2호  금투센터	푸디스트주식회사	126.9274176	37.5193625	커피숍	365
366	휴게음식점	푸디스트주식회사카페퀸즈아모르	서울특별시 영등포구 여의도동  45번지 2호  금투센터	한화호텔앤드리조트 주식회사	126.9274176	37.5193625	커피숍	366
367	휴게음식점	푸디스트주식회사카페퀸즈아모르	서울특별시 영등포구 여의도동  45번지 2호  금투센터	푸디스트(주)	126.9274176	37.5193625	커피숍	367
368	휴게음식점	푸디스트주식회사카페퀸즈아모르	서울특별시 영등포구 여의도동  45번지 2호  금투센터	푸디스트주식회사	126.9274176	37.5193625	커피숍	368
369	휴게음식점	고디바IFC몰	서울특별시 영등포구 여의도동  23번지  IFC몰 지하2층	(주)비에스케이코퍼레이션	126.9252845	37.5249367	기타 휴게음식점	369
370	휴게음식점	매머드커피한국노총점	서울특별시 영등포구 여의도동  35번지  한국노총 1층	(주)하나원컴퍼니	126.9267248	37.5220094	커피숍	370
371	휴게음식점	디초콜릿커피앤드여의도파이낸스점	서울특별시 영등포구 여의도동  23번지 8호  여의도파이낸스타워 1층	(주)할리스에프앤비	126.9252845	37.5249367	커피숍	371
372	휴게음식점	할리스커피 여의도파이낸스타워점	서울특별시 영등포구 여의도동  23번지 8호  여의도파이낸스타워	(주)할리스에프앤비	127.0365067	37.4999935	커피숍	372
373	휴게음식점	업타운카페	서울특별시 영등포구 여의도동  16번지 3호  한국산업은행 1층	(주)아워홈	126.9208693	37.5270202	커피숍	373
374	휴게음식점	업타운카페	서울특별시 영등포구 여의도동  16번지 3호  한국산업은행 1층	(주)아워홈	126.9208693	37.5270202	커피숍	374
375	휴게음식점	아름다운커피여의도점	서울특별시 영등포구 여의도동  36번지 2호  1층 105호	재단법인아름다운커피	126.9263986	37.5201371	커피숍	375
376	휴게음식점	아름다운커피여의도점	서울특별시 영등포구 여의도동  36번지 2호  1층 105호	재단법인 아름다운커피	126.9263986	37.5201371	커피숍	376
377	휴게음식점	스마일 꽈배기	서울특별시 영등포구 여의도동  44번지 35호  제일빌딩-110		126.930476	37.519151	기타 휴게음식점	377
378	휴게음식점	카페드머랭	서울특별시 영등포구 여의도동  45번지 14호  동북빌딩-104		126.9289201	37.519623	커피숍	378
379	휴게음식점	카페드머랭	서울특별시 영등포구 여의도동  45번지 14호  동북빌딩-104		126.9289201	37.519623	커피숍	379
380	휴게음식점	데어카페	서울특별시 영등포구 여의도동  18번지  한국방송공사		126.9164678	37.52561430000001	커피숍	380
381	휴게음식점	씨제이프레시웨이(주)한국피앤지본사카페	서울특별시 영등포구 여의도동  23번지 씨 서울 국제금융 센터	씨제이프레시웨이(주)	126.926025	37.525219	커피숍	381
382	휴게음식점	매머드익스프레스(여의도공원점)	서울특별시 영등포구 여의도동  12번지 3호  -110		126.9244978	37.5296943	커피숍	382
383	휴게음식점	할리스커피 전경련회관점	서울특별시 영등포구 여의도동  28번지 1호  전국경제인연합회회관-B109~	(주)할리스에프앤비	126.9201153	37.522317	커피숍	383
384	휴게음식점	평화다방여의도점	서울특별시 영등포구 여의도동  23번지 10호  삼성생명(주)여의도빌딩	주식회사그레닉스(GRANIX)	126.92482	37.5242667	커피숍	384
385	휴게음식점	평화다방여의도삼성생명점	서울특별시 영등포구 여의도동  23번지 10호  삼성생명(주)여의도빌딩	주식회사그레닉스(GRANIX)	126.92482	37.5242667	커피숍	385
386	휴게음식점	빌리엔젤 여의도점	서울특별시 영등포구 여의도동  23번지 10호  삼성생명(주)여의도빌딩	주식회사그레닉스(GRANIX)	126.92482	37.5242667	커피숍	386
387	휴게음식점	빌리엔젤여의도삼성생명점	서울특별시 영등포구 여의도동  23번지 10호  삼성생명(주)여의도빌딩	주식회사그레닉스(GRANIX)	126.92482	37.5242667	커피숍	387
388	휴게음식점	빌리엔젤서여의도점	서울특별시 영등포구 여의도동  13번지 3호 C	주식회사그레닉스(GRANIX)	126.9210728	37.530892	커피숍	388
389	휴게음식점	큰형커피	서울특별시 영등포구 여의도동  14번지 32호  정원빌딩-105		126.9204002	37.5284602	커피숍	389
390	휴게음식점	큰형커피	서울특별시 영등포구 여의도동  14번지 32호  정원빌딩-105		126.9204002	37.5284602	커피숍	390
391	휴게음식점	크레이지커피앤프룻	서울특별시 영등포구 여의도동  14번지 32호  정원빌딩-105		126.9204002	37.5284602	커피숍	391
392	휴게음식점	크레이지커피앤프룻	서울특별시 영등포구 여의도동  14번지 32호  정원빌딩-105		126.9204002	37.5284602	커피숍	392
393	휴게음식점	커프	서울특별시 영등포구 여의도동  14번지 32호  정원빌딩-105		126.9204002	37.5284602	커피숍	393
394	휴게음식점	커프	서울특별시 영등포구 여의도동  14번지 32호  정원빌딩-105		126.9204002	37.5284602	커피숍	394
395	휴게음식점	흑화당여의도점	서울특별시 영등포구 여의도동  12번지 3호  -103		126.9244978	37.5296943	커피숍	395
396	휴게음식점	흑화당여의도점	서울특별시 영등포구 여의도동  12번지 3호  -103		126.9244978	37.5296943	커피숍	396
397	휴게음식점	흑화당여의도점	서울특별시 영등포구 여의도동  12번지 3호  -103		126.9244978	37.5296943	커피숍	397
398	휴게음식점	흑화당서여의도점	서울특별시 영등포구 여의도동  12번지 3호  -103		126.9244978	37.5296943	커피숍	398
399	휴게음식점	흑화당서여의도점	서울특별시 영등포구 여의도동  12번지 3호  -103		126.9244978	37.5296943	커피숍	399
400	휴게음식점	흑화당서여의도점	서울특별시 영등포구 여의도동  12번지 3호  -103		126.9244978	37.5296943	커피숍	400
401	휴게음식점	샐러디여의도공원점	서울특별시 영등포구 여의도동  12번지 3호		126.9244978	37.5296943	기타 휴게음식점	401
402	휴게음식점	타미하우스	서울특별시 영등포구 여의도동  43번지 3호  홍우빌딩		126.9304477	37.5210395	커피숍	402
403	휴게음식점	타미하우스	서울특별시 영등포구 여의도동  43번지 3호  홍우빌딩		126.9304477	37.5210395	커피숍	403
404	휴게음식점	스타벅스샛강역점	서울특별시 영등포구 여의도동  55번지 2호  -101~104	(주)스타벅스커피코리아	126.9312286	37.5181806	커피숍	404
405	휴게음식점	빽다방 동여의도점	서울특별시 영등포구 여의도동  43번지 4호  롯데캐슬 아이비		126.9318875	37.5200722	커피숍	405
406	휴게음식점	빽다방 동여의도점	서울특별시 영등포구 여의도동  43번지 4호  롯데캐슬 아이비		126.9318875	37.5200722	커피숍	406
407	휴게음식점	빽다방동여의도점	서울특별시 영등포구 여의도동  43번지 4호  롯데캐슬 아이비		126.9318875	37.5200722	커피숍	407
408	휴게음식점	빽다방동여의도점	서울특별시 영등포구 여의도동  43번지 4호  롯데캐슬 아이비		126.9318875	37.5200722	커피숍	408
409	휴게음식점	카페마리포사	서울특별시 영등포구 여의도동  12번지 3호  1층 106호		126.9244978	37.5296943	커피숍	409
410	휴게음식점	일리카페IBM점	서울특별시 영등포구 여의도동  23번지  쓰리아이에프씨동	(주)큐로에프앤비	126.9252845	37.5249367	커피숍	410
411	휴게음식점	(주)진심코리아더치앤빈여의도직영1호점	서울특별시 영등포구 여의도동  12번지 3호  -105	(주)진심코리아	126.9244978	37.5296943	커피숍	411
412	휴게음식점	(주)진심코리아더치앤빈여의도직영1호점	서울특별시 영등포구 여의도동  12번지 3호  -105		126.9244978	37.5296943	커피숍	412
413	휴게음식점	더치앤빈여의도공원점	서울특별시 영등포구 여의도동  12번지 3호  -105	(주)진심코리아	126.9244978	37.5296943	커피숍	413
414	휴게음식점	더치앤빈여의도공원점	서울특별시 영등포구 여의도동  12번지 3호  -105		126.9244978	37.5296943	커피숍	414
415	휴게음식점	카페아이엠티여의도KBS점	서울특별시 영등포구 여의도동  17번지 8호  동성빌딩		126.9171988	37.5266775	커피숍	415
416	휴게음식점	카페빈(cafe wien)	서울특별시 영등포구 여의도동  36번지  롯데캐슬엠파이어-117		126.9263648	37.5202062	커피숍	416
417	휴게음식점	아이갓에브리씽국회도서관점	서울특별시 영등포구 여의도동  1번지  국회도서관	주식회사 더블루	126.9171709	37.5311492	커피숍	417
418	휴게음식점	(주)커피집단카페소프트여의도지점	서울특별시 영등포구 여의도동  23번지  서울 국제금융 센터	주식회사 커피집단	126.9252845	37.5249367	커피숍	418
419	휴게음식점	더베이크	서울특별시 영등포구 여의도동  1번지 6호  국회의사당역-6		126.9141547	37.5318046	커피숍	419
420	휴게음식점	커피온리 샛강역사점	서울특별시 영등포구 여의도동  5번지 6호  샛강역		126.9304634	37.5171105	커피숍	420
421	휴게음식점	샌드비(Sand-bi)	서울특별시 영등포구 여의도동  42번지  한양아파트 와우스포츠		126.9328601	37.5202605	커피숍	421
422	휴게음식점	(주)부일여의도점	서울특별시 영등포구 여의도동  47번지  이마트여의도점	(주)부일	126.9264625	37.5185234	기타 휴게음식점	422
423	휴게음식점	피스커피	서울특별시 영등포구 여의도동  21번지  한국전력남서울본부	주식회사카페티모르	126.9304619	37.5276925	커피숍	423
424	휴게음식점	더치앤빈KBS본관점	서울특별시 영등포구 여의도동  17번지 102 여의도더샵아일랜드파크-120		126.9186176	37.5256409	커피숍	424
425	휴게음식점	북촌손만두여의도IFC몰	서울특별시 영등포구 여의도동  23번지  서울 국제금융 센터		126.9252845	37.5249367	기타 휴게음식점	425
426	휴게음식점	진실롱	서울특별시 영등포구 여의도동  12번지 3호  신한여의도드림리버오피스텔-113		126.9326803	37.52958080000001	기타 휴게음식점	426
427	휴게음식점	팔공티(국회의사당역사점)	서울특별시 영등포구 여의도동  1번지 6호  국회의사당역		126.9141547	37.5318046	기타 휴게음식점	427
428	휴게음식점	타이거슈가 IFC몰점	서울특별시 영등포구 여의도동  23번지  서울 국제금융 센터	(주)슈거마틴	126.9252845	37.5249367	커피숍	428
429	휴게음식점	일리카페미래에셋대우점	서울특별시 영등포구 여의도동  34번지 3호  대우증권빌딩	주식회사 큐로에프앤비	126.9297152	37.5222883	커피숍	429
430	휴게음식점	홍콩다방오투테라스점	서울특별시 영등포구 여의도동  23번지 6호  오투타워		126.9234322	37.5233446	커피숍	430
431	휴게음식점	에그드랍	서울특별시 영등포구 여의도동  34번지 8호  지하1층-130		126.928844	37.5221362	기타 휴게음식점	431
432	휴게음식점	밑업(meet up)	서울특별시 영등포구 여의도동  13번지 25호  정우빌딩		126.921865	37.5290106	커피숍	432
433	휴게음식점	컴포즈커피서여의도점	서울특별시 영등포구 여의도동  14번지 31호  한양빌딩		126.9203096	37.5288717	커피숍	433
434	휴게음식점	스윗아몬드(Sweet Almond)	서울특별시 영등포구 여의도동  37번지  아일렉스		126.9240116	37.5210236	기타 휴게음식점	434
435	휴게음식점	조이스	서울특별시 영등포구 여의도동  36번지 2호		126.926893	37.5207606	커피숍	435
436	휴게음식점	이디야국회의사당역점	서울특별시 영등포구 여의도동  17번지 13호  이룸센터		126.91783	37.5268293	커피숍	436
437	휴게음식점	투썸플레이스여의도롯데캐슬아이비점	서울특별시 영등포구 여의도동  43번지 4호  롯데캐슬 아이비	투썸플레이스주식회사	126.9318875	37.5200722	커피숍	437
438	휴게음식점	그냥	서울특별시 영등포구 여의도동  43번지  미원빌딩		126.9305439	37.521552	커피숍	438
439	휴게음식점	블루블루엣	서울특별시 영등포구 여의도동  23번지 5호  한화손해보험빌딩		126.9228655	37.5240065	커피숍	439
440	휴게음식점	메가엠지씨커피여의도역점	서울특별시 영등포구 여의도동  35번지 5호  여의도종합상가		126.9248093	37.5215394	커피숍	440
441	휴게음식점	팔공티&빨라쪼이마트여의도점	서울특별시 영등포구 여의도동  47번지  여의도자이		126.9260315	37.5181231	커피숍	441
442	휴게음식점	헤리티지1919(HERITAGE1919)	서울특별시 영등포구 여의도동  1번지  국회		126.9141547	37.5318046	커피숍	442
443	휴게음식점	헤리티지1919(HERITAGE1919)	서울특별시 영등포구 여의도동  1번지  국회	광복회	126.9141547	37.5318046	커피숍	443
